-- GENERATED by scripts/generate-sql-seed.ts — do not edit by hand.
-- Source of truth: src/lib/data/seed.ts
begin;

-- airlines
insert into public.airlines (id, name, iata, country) values ('air-canada', 'Air Canada', 'AC', 'CA') on conflict (id) do nothing;
insert into public.airlines (id, name, iata, country) values ('delta', 'Delta Air Lines', 'DL', 'US') on conflict (id) do nothing;
insert into public.airlines (id, name, iata, country) values ('united', 'United Airlines', 'UA', 'US') on conflict (id) do nothing;
insert into public.airlines (id, name, iata, country) values ('american', 'American Airlines', 'AA', 'US') on conflict (id) do nothing;
insert into public.airlines (id, name, iata, country) values ('southwest', 'Southwest Airlines', 'WN', 'US') on conflict (id) do nothing;
insert into public.airlines (id, name, iata, country) values ('jetblue', 'JetBlue Airways', 'B6', 'US') on conflict (id) do nothing;
insert into public.airlines (id, name, iata, country) values ('alaska', 'Alaska Airlines', 'AS', 'US') on conflict (id) do nothing;
insert into public.airlines (id, name, iata, country) values ('lufthansa', 'Lufthansa', 'LH', 'DE') on conflict (id) do nothing;
insert into public.airlines (id, name, iata, country) values ('porter', 'Porter Airlines', 'PD', 'CA') on conflict (id) do nothing;
insert into public.airlines (id, name, iata, country) values ('westjet', 'WestJet', 'WS', 'CA') on conflict (id) do nothing;
insert into public.airlines (id, name, iata, country) values ('air-transat', 'Air Transat', 'TS', 'CA') on conflict (id) do nothing;
insert into public.airlines (id, name, iata, country) values ('flair', 'Flair Airlines', 'F8', 'CA') on conflict (id) do nothing;
insert into public.airlines (id, name, iata, country) values ('klm', 'KLM Royal Dutch Airlines', 'KL', 'NL') on conflict (id) do nothing;
insert into public.airlines (id, name, iata, country) values ('air-france', 'Air France', 'AF', 'FR') on conflict (id) do nothing;
insert into public.airlines (id, name, iata, country) values ('frontier', 'Frontier Airlines', 'F9', 'US') on conflict (id) do nothing;
insert into public.airlines (id, name, iata, country) values ('spirit', 'Spirit Airlines', 'NK', 'US') on conflict (id) do nothing;
insert into public.airlines (id, name, iata, country) values ('avelo', 'Avelo Airlines', 'XP', 'US') on conflict (id) do nothing;
insert into public.airlines (id, name, iata, country) values ('british-airways', 'British Airways', 'BA', 'GB') on conflict (id) do nothing;
insert into public.airlines (id, name, iata, country) values ('allegiant', 'Allegiant Air', 'G4', 'US') on conflict (id) do nothing;
insert into public.airlines (id, name, iata, country) values ('hawaiian', 'Hawaiian Airlines', 'HA', 'US') on conflict (id) do nothing;
insert into public.airlines (id, name, iata, country) values ('emirates', 'Emirates', 'EK', 'AE') on conflict (id) do nothing;
insert into public.airlines (id, name, iata, country) values ('ryanair', 'Ryanair', 'FR', 'IE') on conflict (id) do nothing;

-- carriers
insert into public.carriers (id, brand, model, sku, soft_sided, length_cm, width_cm, height_cm, weight_kg, max_pet_weight_kg, verification, verified_at, traveler_reports, image_url, affiliate_url, affiliate_targets, price_usd, description) values ('sherpa-original-md', 'Sherpa', 'Original Deluxe (Medium)', 'SHP-OD-M', true, 43, 27, 27, 1.2, 6.8, 'team_verified', '2026-03-15', null, null, 'https://www.amazon.ca/dp/B000FLETX8', '{"amazon":"https://www.amazon.ca/dp/B000FLETX8","chewy":"https://www.chewy.com/s?query=Sherpa%20Original%20Deluxe%20(Medium)"}'::jsonb, 45, 'Airline-favorite soft carrier with mesh panels.') on conflict (id) do nothing;
insert into public.carriers (id, brand, model, sku, soft_sided, length_cm, width_cm, height_cm, weight_kg, max_pet_weight_kg, verification, verified_at, traveler_reports, image_url, affiliate_url, affiliate_targets, price_usd, description) values ('sherpa-original-lg', 'Sherpa', 'Original Deluxe (Large)', 'SHP-OD-L', true, 48, 29, 29, 1.5, 8, 'team_verified', '2026-03-15', null, null, 'https://www.amazon.ca/dp/B000FLETX8', '{"amazon":"https://www.amazon.ca/dp/B000FLETX8","chewy":"https://www.chewy.com/s?query=Sherpa%20Original%20Deluxe%20(Large)"}'::jsonb, 55, null) on conflict (id) do nothing;
insert into public.carriers (id, brand, model, sku, soft_sided, length_cm, width_cm, height_cm, weight_kg, max_pet_weight_kg, verification, verified_at, traveler_reports, image_url, affiliate_url, affiliate_targets, price_usd, description) values ('sleepypod-air', 'Sleepypod', 'Air In-Cabin', 'SLP-AIR', true, 55, 27, 27, 2, 4.5, 'team_verified', '2026-03-15', null, null, 'https://www.amazon.ca/dp/B0030NJXQQ', '{"amazon":"https://www.amazon.ca/dp/B0030NJXQQ","chewy":"https://www.chewy.com/s?query=Sleepypod%20Air%20In-Cabin"}'::jsonb, 200, 'Adjustable length to compress under the seat.') on conflict (id) do nothing;
insert into public.carriers (id, brand, model, sku, soft_sided, length_cm, width_cm, height_cm, weight_kg, max_pet_weight_kg, verification, verified_at, traveler_reports, image_url, affiliate_url, affiliate_targets, price_usd, description) values ('sturdibag-large', 'SturdiBag', 'Large Flexible-Height', 'STB-LG', true, 46, 30, 30, 1, 4.5, 'team_verified', '2026-03-15', null, null, 'https://www.amazon.ca/dp/B07TQH99JC', '{"amazon":"https://www.amazon.ca/dp/B07TQH99JC","chewy":"https://www.chewy.com/s?query=SturdiBag%20Large%20Flexible-Height"}'::jsonb, 95, 'Flex-height top collapses for under-seat fit.') on conflict (id) do nothing;
insert into public.carriers (id, brand, model, sku, soft_sided, length_cm, width_cm, height_cm, weight_kg, max_pet_weight_kg, verification, verified_at, traveler_reports, image_url, affiliate_url, affiliate_targets, price_usd, description) values ('sturdibag-small', 'SturdiBag', 'Small Flexible-Height', 'STB-SM', true, 41, 25, 25, 0.9, 3.6, 'team_verified', '2026-03-15', null, null, 'https://www.amazon.ca/dp/B07TQH99JC', '{"amazon":"https://www.amazon.ca/dp/B07TQH99JC","chewy":"https://www.chewy.com/s?query=SturdiBag%20Small%20Flexible-Height"}'::jsonb, 80, null) on conflict (id) do nothing;
insert into public.carriers (id, brand, model, sku, soft_sided, length_cm, width_cm, height_cm, weight_kg, max_pet_weight_kg, verification, verified_at, traveler_reports, image_url, affiliate_url, affiliate_targets, price_usd, description) values ('petmate-two-door', 'Petmate', 'Two Door Top Load', 'PTM-2DTL', false, 48, 32, 33, 2.5, 5.4, 'team_verified', '2026-03-15', null, null, 'https://www.amazon.ca/dp/B0062JFGM0', '{"amazon":"https://www.amazon.ca/dp/B0062JFGM0","chewy":"https://www.chewy.com/s?query=Petmate%20Two%20Door%20Top%20Load"}'::jsonb, 40, 'Hard-sided; better for cargo than most cabins.') on conflict (id) do nothing;
insert into public.carriers (id, brand, model, sku, soft_sided, length_cm, width_cm, height_cm, weight_kg, max_pet_weight_kg, verification, verified_at, traveler_reports, image_url, affiliate_url, affiliate_targets, price_usd, description) values ('amazonbasics-soft-sm', 'Amazon Basics', 'Soft-Sided (Small)', 'AMZ-SS-S', true, 41, 28, 28, 1, 4, 'not_verified_yet', null, null, null, 'https://www.amazon.ca/dp/B00QHC01C2', '{"amazon":"https://www.amazon.ca/dp/B00QHC01C2","chewy":"https://www.chewy.com/s?query=Amazon%20Basics%20Soft-Sided%20(Small)"}'::jsonb, 28, null) on conflict (id) do nothing;
insert into public.carriers (id, brand, model, sku, soft_sided, length_cm, width_cm, height_cm, weight_kg, max_pet_weight_kg, verification, verified_at, traveler_reports, image_url, affiliate_url, affiliate_targets, price_usd, description) values ('amazonbasics-soft-md', 'Amazon Basics', 'Soft-Sided (Medium)', 'AMZ-SS-M', true, 49, 29, 29, 1.3, 5.5, 'not_verified_yet', null, null, null, 'https://www.amazon.ca/dp/B00QHC0050', '{"amazon":"https://www.amazon.ca/dp/B00QHC0050","chewy":"https://www.chewy.com/s?query=Amazon%20Basics%20Soft-Sided%20(Medium)"}'::jsonb, 33, null) on conflict (id) do nothing;
insert into public.carriers (id, brand, model, sku, soft_sided, length_cm, width_cm, height_cm, weight_kg, max_pet_weight_kg, verification, verified_at, traveler_reports, image_url, affiliate_url, affiliate_targets, price_usd, description) values ('kh-lookout', 'K&H', 'Lookout Pet Carrier', 'KH-LO', true, 45, 28, 28, 1.1, 4.5, 'traveler_reported', null, 2, null, 'https://www.amazon.ca/dp/B07GD26XK3', '{"amazon":"https://www.amazon.ca/dp/B07GD26XK3","chewy":"https://www.chewy.com/s?query=K%26H%20Lookout%20Pet%20Carrier"}'::jsonb, 50, null) on conflict (id) do nothing;
insert into public.carriers (id, brand, model, sku, soft_sided, length_cm, width_cm, height_cm, weight_kg, max_pet_weight_kg, verification, verified_at, traveler_reports, image_url, affiliate_url, affiliate_targets, price_usd, description) values ('away-pet-carrier', 'Away', 'The Pet Carrier', 'AWY-PC', true, 47, 28, 24, 1.6, 6, 'team_verified', '2026-03-15', null, null, 'https://www.amazon.ca/s?k=Away%20The%20Pet%20Carrier%20pet%20carrier', '{"amazon":"https://www.amazon.ca/s?k=Away%20The%20Pet%20Carrier%20pet%20carrier","chewy":"https://www.chewy.com/s?query=Away%20The%20Pet%20Carrier"}'::jsonb, 250, 'Premium soft carrier sized for under-seat.') on conflict (id) do nothing;
insert into public.carriers (id, brand, model, sku, soft_sided, length_cm, width_cm, height_cm, weight_kg, max_pet_weight_kg, verification, verified_at, traveler_reports, image_url, affiliate_url, affiliate_targets, price_usd, description) values ('diggs-passenger', 'Diggs', 'Passenger Travel Carrier', 'DGS-PSG', true, 46, 28, 29, 1.8, 7, 'team_verified', '2026-03-15', null, null, 'https://www.amazon.ca/dp/B09Y8354NB', '{"amazon":"https://www.amazon.ca/dp/B09Y8354NB","chewy":"https://www.chewy.com/s?query=Diggs%20Passenger%20Travel%20Carrier"}'::jsonb, 175, null) on conflict (id) do nothing;
insert into public.carriers (id, brand, model, sku, soft_sided, length_cm, width_cm, height_cm, weight_kg, max_pet_weight_kg, verification, verified_at, traveler_reports, image_url, affiliate_url, affiliate_targets, price_usd, description) values ('mr-peanuts-aspen', 'Mr. Peanut''s', 'Aspen Series', 'MPN-ASP', true, 43, 27, 27, 1, 4.5, 'traveler_reported', null, 2, null, 'https://www.amazon.ca/dp/B07TQH99JC', '{"amazon":"https://www.amazon.ca/dp/B07TQH99JC","chewy":"https://www.chewy.com/s?query=Mr.%20Peanut''s%20Aspen%20Series"}'::jsonb, 60, null) on conflict (id) do nothing;
insert into public.carriers (id, brand, model, sku, soft_sided, length_cm, width_cm, height_cm, weight_kg, max_pet_weight_kg, verification, verified_at, traveler_reports, image_url, affiliate_url, affiliate_targets, price_usd, description) values ('petsfit-expandable', 'Petsfit', 'Expandable Carrier', 'PSF-EXP', true, 46, 28, 28, 1.4, 5, 'not_verified_yet', null, null, null, 'https://www.amazon.ca/dp/B01KXB7DVO', '{"amazon":"https://www.amazon.ca/dp/B01KXB7DVO","chewy":"https://www.chewy.com/s?query=Petsfit%20Expandable%20Carrier"}'::jsonb, 45, 'Side panels expand once on the ground.') on conflict (id) do nothing;
insert into public.carriers (id, brand, model, sku, soft_sided, length_cm, width_cm, height_cm, weight_kg, max_pet_weight_kg, verification, verified_at, traveler_reports, image_url, affiliate_url, affiliate_targets, price_usd, description) values ('henkelion-small', 'Henkelion', 'Soft-Sided (Small)', 'HKL-SS-S', true, 40, 21, 28, 0.8, 3.2, 'not_verified_yet', null, null, null, 'https://www.amazon.ca/dp/B07JZ31KX9', '{"amazon":"https://www.amazon.ca/dp/B07JZ31KX9","chewy":"https://www.chewy.com/s?query=Henkelion%20Soft-Sided%20(Small)"}'::jsonb, 25, null) on conflict (id) do nothing;
insert into public.carriers (id, brand, model, sku, soft_sided, length_cm, width_cm, height_cm, weight_kg, max_pet_weight_kg, verification, verified_at, traveler_reports, image_url, affiliate_url, affiliate_targets, price_usd, description) values ('pawaboo-backpack', 'Pawaboo', 'Pet Travel Backpack', 'PWB-BP', true, 32, 28, 42, 0.9, 4, 'traveler_reported', null, 2, null, 'https://www.amazon.ca/dp/B01NAK4VXM', '{"amazon":"https://www.amazon.ca/dp/B01NAK4VXM","chewy":"https://www.chewy.com/s?query=Pawaboo%20Pet%20Travel%20Backpack"}'::jsonb, 40, 'Backpack form factor; tall profile.') on conflict (id) do nothing;
insert into public.carriers (id, brand, model, sku, soft_sided, length_cm, width_cm, height_cm, weight_kg, max_pet_weight_kg, verification, verified_at, traveler_reports, image_url, affiliate_url, affiliate_targets, price_usd, description) values ('texsens-bubble', 'Texsens', 'Bubble Backpack', 'TXS-BB', false, 42, 33, 28, 1.5, 4.5, 'traveler_reported', null, 2, null, 'https://www.amazon.ca/dp/B07KHPLFMS', '{"amazon":"https://www.amazon.ca/dp/B07KHPLFMS","chewy":"https://www.chewy.com/s?query=Texsens%20Bubble%20Backpack"}'::jsonb, 55, 'Semi-rigid bubble shell.') on conflict (id) do nothing;
insert into public.carriers (id, brand, model, sku, soft_sided, length_cm, width_cm, height_cm, weight_kg, max_pet_weight_kg, verification, verified_at, traveler_reports, image_url, affiliate_url, affiliate_targets, price_usd, description) values ('petsfit-sturdy', 'Petsfit', 'Sturdy Hard Carrier', 'PSF-HARD', false, 50, 33, 33, 2.8, 6, 'not_verified_yet', null, null, null, 'https://www.amazon.ca/s?k=Petsfit%20Sturdy%20Hard%20Carrier%20pet%20carrier', '{"amazon":"https://www.amazon.ca/s?k=Petsfit%20Sturdy%20Hard%20Carrier%20pet%20carrier","chewy":"https://www.chewy.com/s?query=Petsfit%20Sturdy%20Hard%20Carrier"}'::jsonb, 70, 'Large hard-sided; rarely cabin-legal.') on conflict (id) do nothing;
insert into public.carriers (id, brand, model, sku, soft_sided, length_cm, width_cm, height_cm, weight_kg, max_pet_weight_kg, verification, verified_at, traveler_reports, image_url, affiliate_url, affiliate_targets, price_usd, description) values ('elitefield-3door-lg', 'EliteField', '3-Door Soft (Large)', 'ELF-3D-L', true, 51, 33, 33, 1.7, 6.5, 'traveler_reported', null, 2, null, 'https://www.amazon.ca/dp/B004ABH1LG', '{"amazon":"https://www.amazon.ca/dp/B004ABH1LG","chewy":"https://www.chewy.com/s?query=EliteField%203-Door%20Soft%20(Large)"}'::jsonb, 60, 'Roomy but oversized for most cabins.') on conflict (id) do nothing;
insert into public.carriers (id, brand, model, sku, soft_sided, length_cm, width_cm, height_cm, weight_kg, max_pet_weight_kg, verification, verified_at, traveler_reports, image_url, affiliate_url, affiliate_targets, price_usd, description) values ('frisco-soft', 'Frisco', 'Soft-Sided Carrier', 'FRS-SS', true, 44, 28, 28, 1.1, 4.8, 'team_verified', '2026-03-15', null, null, 'https://www.amazon.ca/dp/B00XHFTIU8', '{"amazon":"https://www.amazon.ca/dp/B00XHFTIU8","chewy":"https://www.chewy.com/s?query=Frisco%20Soft-Sided%20Carrier"}'::jsonb, 35, null) on conflict (id) do nothing;
insert into public.carriers (id, brand, model, sku, soft_sided, length_cm, width_cm, height_cm, weight_kg, max_pet_weight_kg, verification, verified_at, traveler_reports, image_url, affiliate_url, affiliate_targets, price_usd, description) values ('vceoa-small', 'Vceoa', 'Soft Carrier (Small)', 'VCE-SS-S', true, 41, 28, 28, 0.9, 3.8, 'not_verified_yet', null, null, null, 'https://www.amazon.ca/dp/B07ZPPSR2L', '{"amazon":"https://www.amazon.ca/dp/B07ZPPSR2L","chewy":"https://www.chewy.com/s?query=Vceoa%20Soft%20Carrier%20(Small)"}'::jsonb, 27, null) on conflict (id) do nothing;
insert into public.carriers (id, brand, model, sku, soft_sided, length_cm, width_cm, height_cm, weight_kg, max_pet_weight_kg, verification, verified_at, traveler_reports, image_url, affiliate_url, affiliate_targets, price_usd, description) values ('petmate-sky-100', 'Petmate', 'Sky Kennel 100', 'PTM-SK100', false, 53, 38, 38, 3.5, 8, 'team_verified', '2026-03-15', null, null, 'https://www.amazon.ca/dp/B000HHL0MQ', '{"amazon":"https://www.amazon.ca/dp/B000HHL0MQ","chewy":"https://www.chewy.com/s?query=Petmate%20Sky%20Kennel%20100"}'::jsonb, 45, 'IATA cargo kennel; not a cabin carrier.') on conflict (id) do nothing;
insert into public.carriers (id, brand, model, sku, soft_sided, length_cm, width_cm, height_cm, weight_kg, max_pet_weight_kg, verification, verified_at, traveler_reports, image_url, affiliate_url, affiliate_targets, price_usd, description) values ('morpilot-expandable', 'Morpilot', 'Expandable Carrier', 'MRP-EXP', true, 46, 28, 28, 1.3, 5, 'not_verified_yet', null, null, null, 'https://www.amazon.ca/dp/B0G24Z559P', '{"amazon":"https://www.amazon.ca/dp/B0G24Z559P","chewy":"https://www.chewy.com/s?query=Morpilot%20Expandable%20Carrier"}'::jsonb, 42, null) on conflict (id) do nothing;
insert into public.carriers (id, brand, model, sku, soft_sided, length_cm, width_cm, height_cm, weight_kg, max_pet_weight_kg, verification, verified_at, traveler_reports, image_url, affiliate_url, affiliate_targets, price_usd, description) values ('roverlund-carrier', 'Roverlund', 'Pet Carrier', 'RVL-PC', true, 45.7, 29.2, 29.2, 1.45, 11.3, 'not_verified_yet', null, null, null, 'https://www.amazon.ca/dp/B081Y8L1VL', '{"amazon":"https://www.amazon.ca/dp/B081Y8L1VL","chewy":"https://www.chewy.com/s?query=Roverlund%20Pet%20Carrier"}'::jsonb, 180, 'Structured soft carrier with luggage sleeve and convertible shoulder strap.') on conflict (id) do nothing;
insert into public.carriers (id, brand, model, sku, soft_sided, length_cm, width_cm, height_cm, weight_kg, max_pet_weight_kg, verification, verified_at, traveler_reports, image_url, affiliate_url, affiliate_targets, price_usd, description) values ('katziela-rolling', 'Katziela', 'Rolling Rover', 'KTZ-RR', true, 45.7, 27.9, 26.7, 1.3, 6.8, 'not_verified_yet', null, null, null, 'https://www.amazon.ca/dp/B0CXWFNP19', '{"amazon":"https://www.amazon.ca/dp/B0CXWFNP19","chewy":"https://www.chewy.com/s?query=Katziela%20Rolling%20Rover"}'::jsonb, 70, 'Rolling pet carrier with telescopic handle and six wheels for easy airport navigation.') on conflict (id) do nothing;
insert into public.carriers (id, brand, model, sku, soft_sided, length_cm, width_cm, height_cm, weight_kg, max_pet_weight_kg, verification, verified_at, traveler_reports, image_url, affiliate_url, affiliate_targets, price_usd, description) values ('mr-peanuts-gold', 'Mr. Peanut''s', 'Gold Series Expandable', 'MPN-GOLD', true, 45.7, 27.9, 27.9, 1.2, 6.8, 'traveler_reported', null, 2, null, 'https://www.amazon.ca/dp/B09K4GKHJ1', '{"amazon":"https://www.amazon.ca/dp/B09K4GKHJ1","chewy":"https://www.chewy.com/s?query=Mr.%20Peanut''s%20Gold%20Series%20Expandable"}'::jsonb, 65, 'Expandable airline-capable tote. Ranked #1 overall by Hepper.') on conflict (id) do nothing;
insert into public.carriers (id, brand, model, sku, soft_sided, length_cm, width_cm, height_cm, weight_kg, max_pet_weight_kg, verification, verified_at, traveler_reports, image_url, affiliate_url, affiliate_targets, price_usd, description) values ('petfusion-carrier', 'PetFusion', 'Pet Carrier', 'PTF-PC', true, 43.2, 27.9, 27.9, 1.1, 6.8, 'not_verified_yet', null, null, null, 'https://www.amazon.ca/dp/B07P6KYZWJ', '{"amazon":"https://www.amazon.ca/dp/B07P6KYZWJ","chewy":"https://www.chewy.com/s?query=PetFusion%20Pet%20Carrier"}'::jsonb, 115, 'Structured nylon carrier with self-locking zippers and leash tether.') on conflict (id) do nothing;
insert into public.carriers (id, brand, model, sku, soft_sided, length_cm, width_cm, height_cm, weight_kg, max_pet_weight_kg, verification, verified_at, traveler_reports, image_url, affiliate_url, affiliate_targets, price_usd, description) values ('sleepypod-atom', 'Sleepypod', 'Atom In-Cabin', 'SLP-ATOM', true, 40, 24, 24, 1, 4.5, 'team_verified', '2026-03-15', null, null, 'https://www.amazon.ca/dp/B08J82QZ3M', '{"amazon":"https://www.amazon.ca/dp/B08J82QZ3M","chewy":"https://www.chewy.com/s?query=Sleepypod%20Atom%20In-Cabin"}'::jsonb, 120, 'Smaller sibling of the Sleepypod Air. Good for small cats and toy breed dogs.') on conflict (id) do nothing;
insert into public.carriers (id, brand, model, sku, soft_sided, length_cm, width_cm, height_cm, weight_kg, max_pet_weight_kg, verification, verified_at, traveler_reports, image_url, affiliate_url, affiliate_targets, price_usd, description) values ('elitefield-3door-sm', 'EliteField', '3-Door Soft (Small)', 'ELF-3D-S', true, 48.3, 33, 25.4, 1, 8, 'not_verified_yet', null, null, null, 'https://www.amazon.ca/s?k=EliteField%203-Door%20Soft%20(Small)%20pet%20carrier', '{"amazon":"https://www.amazon.ca/s?k=EliteField%203-Door%20Soft%20(Small)%20pet%20carrier","chewy":"https://www.chewy.com/s?query=EliteField%203-Door%20Soft%20(Small)"}'::jsonb, 50, 'Smaller EliteField model that fits under most airline seats.') on conflict (id) do nothing;
insert into public.carriers (id, brand, model, sku, soft_sided, length_cm, width_cm, height_cm, weight_kg, max_pet_weight_kg, verification, verified_at, traveler_reports, image_url, affiliate_url, affiliate_targets, price_usd, description) values ('bergan-comfort-lg', 'Bergan', 'Comfort Carrier (Large)', 'BRG-CC-L', true, 48.3, 25.4, 33, 1.4, 9.1, 'not_verified_yet', null, null, null, 'https://www.amazon.ca/dp/B002SE9DRG', '{"amazon":"https://www.amazon.ca/dp/B002SE9DRG","chewy":"https://www.chewy.com/s?query=Bergan%20Comfort%20Carrier%20(Large)"}'::jsonb, 45, 'Soft duffle-style carrier with fleece bed and pet-connect zipper. K9 of Mine best overall pick.') on conflict (id) do nothing;
insert into public.carriers (id, brand, model, sku, soft_sided, length_cm, width_cm, height_cm, weight_kg, max_pet_weight_kg, verification, verified_at, traveler_reports, image_url, affiliate_url, affiliate_targets, price_usd, description) values ('petami-classic-sm', 'PetAmi', 'Classic Carrier (Small)', 'PTM-CC-S', true, 43.2, 25.9, 28.4, 0.9, 8.2, 'not_verified_yet', null, null, null, 'https://www.amazon.ca/dp/B074W36PLR', '{"amazon":"https://www.amazon.ca/dp/B074W36PLR","chewy":"https://www.chewy.com/s?query=PetAmi%20Classic%20Carrier%20(Small)"}'::jsonb, 35, 'Hepper #1 overall pick. 15 color options. Structured soft-sided with sherpa bedding.') on conflict (id) do nothing;
insert into public.carriers (id, brand, model, sku, soft_sided, length_cm, width_cm, height_cm, weight_kg, max_pet_weight_kg, verification, verified_at, traveler_reports, image_url, affiliate_url, affiliate_targets, price_usd, description) values ('gorilla-grip-sm', 'Gorilla Grip', 'TSA Carrier (Small)', 'GRP-TSA-S', true, 43.2, 27.9, 27.9, 0.9, 6.8, 'not_verified_yet', null, null, null, 'https://www.amazon.ca/dp/B0CWPKHMH7', '{"amazon":"https://www.amazon.ca/dp/B0CWPKHMH7","chewy":"https://www.chewy.com/s?query=Gorilla%20Grip%20TSA%20Carrier%20(Small)"}'::jsonb, 35, 'TSA-approved carrier with breathable mesh, washable fleece pad, and grip feet. PawsUp Express #1 pick.') on conflict (id) do nothing;
insert into public.carriers (id, brand, model, sku, soft_sided, length_cm, width_cm, height_cm, weight_kg, max_pet_weight_kg, verification, verified_at, traveler_reports, image_url, affiliate_url, affiliate_targets, price_usd, description) values ('xzone-expandable-sm', 'X-Zone', 'Expandable Carrier (Small)', 'XZN-EXP-S', true, 43.2, 27.9, 27.9, 0.9, 6.8, 'not_verified_yet', null, null, null, 'https://www.amazon.ca/s?k=X-Zone%20Expandable%20Carrier%20(Small)%20pet%20carrier', '{"amazon":"https://www.amazon.ca/s?k=X-Zone%20Expandable%20Carrier%20(Small)%20pet%20carrier","chewy":"https://www.chewy.com/s?query=X-Zone%20Expandable%20Carrier%20(Small)"}'::jsonb, 35, 'Fold-out expandable panels give pets extra space. K9 of Mine best expandable pick.') on conflict (id) do nothing;
insert into public.carriers (id, brand, model, sku, soft_sided, length_cm, width_cm, height_cm, weight_kg, max_pet_weight_kg, verification, verified_at, traveler_reports, image_url, affiliate_url, affiliate_targets, price_usd, description) values ('prodigen-soft-sm', 'Prodigen', 'Soft Carrier (Small)', 'PRD-SS-S', true, 44.5, 25.4, 27.9, 0.8, 6.4, 'not_verified_yet', null, null, null, 'https://www.amazon.ca/s?k=Prodigen%20Soft%20Carrier%20(Small)%20pet%20carrier', '{"amazon":"https://www.amazon.ca/s?k=Prodigen%20Soft%20Carrier%20(Small)%20pet%20carrier","chewy":"https://www.chewy.com/s?query=Prodigen%20Soft%20Carrier%20(Small)"}'::jsonb, 25, 'Budget-friendly 3-door carrier with 4-sided mesh. K9 of Mine most affordable pick.') on conflict (id) do nothing;

-- airline_rules
insert into public.airline_rules (id, airline_id, cabin, aircraft_type, max_length_cm, max_width_cm, max_height_cm, max_combined_weight_kg, soft_sided_requirement, aircraft_varies, notes, source_url, source_label, source_type, last_verified_at) values ('air-canada-economy', 'air-canada', 'economy', null, 55, 40, 27, 10, 'required', false, 'Soft-sided carrier required in cabin since 1 Jun 2025. Soft max 55x40x27 cm (hard 55x40x23 cm no longer permitted in cabin). Pet + carrier must not exceed 10 kg.', 'https://www.aircanada.com/ca/en/aco/home/plan/special-assistance/pets.html', 'Air Canada — Travelling with pets', 'airline_official', '2026-05-26') on conflict (id) do nothing;
insert into public.airline_rules (id, airline_id, cabin, aircraft_type, max_length_cm, max_width_cm, max_height_cm, max_combined_weight_kg, soft_sided_requirement, aircraft_varies, notes, source_url, source_label, source_type, last_verified_at) values ('delta-economy', 'delta', 'economy', null, null, null, null, null, 'recommended', true, 'No guaranteed published maximum; the kennel must fit under the seat, which varies by aircraft. Delta recommends a soft kennel up to 18x11x11 in but confirms exact size by flight. Modelled as incomplete on purpose.', 'https://www.delta.com/us/en/pet-travel/overview', 'Delta — Pet travel overview', 'airline_official', '2026-05-26') on conflict (id) do nothing;
insert into public.airline_rules (id, airline_id, cabin, aircraft_type, max_length_cm, max_width_cm, max_height_cm, max_combined_weight_kg, soft_sided_requirement, aircraft_varies, notes, source_url, source_label, source_type, last_verified_at) values ('united-economy', 'united', 'economy', null, 45.7, 27.9, 27.9, null, 'recommended', true, 'Soft carrier max 18x11x11 in (modelled). Hard carrier max 17.5x12x9 in. No published weight limit. Under-seat clearance varies by aircraft.', 'https://www.united.com/en/us/fly/travel/special-needs/pets.html', 'United — Travelling with pets', 'airline_official', '2026-05-26') on conflict (id) do nothing;
insert into public.airline_rules (id, airline_id, cabin, aircraft_type, max_length_cm, max_width_cm, max_height_cm, max_combined_weight_kg, soft_sided_requirement, aircraft_varies, notes, source_url, source_label, source_type, last_verified_at) values ('american-economy', 'american', 'economy', null, 48.3, 33, 22.9, null, 'recommended', false, 'Hard kennel max 19x13x9 in (modelled); soft carrier max 18x11x11 in and preferred. Combined weight commonly cited as ~20 lb but AA does not publish a single in-cabin figure, so weight is left unmodeled — confirm with AA.', 'https://www.aa.com/i18n/travel-info/special-assistance/pets.jsp', 'American Airlines — Traveling with pets', 'airline_official', '2026-05-26') on conflict (id) do nothing;
insert into public.airline_rules (id, airline_id, cabin, aircraft_type, max_length_cm, max_width_cm, max_height_cm, max_combined_weight_kg, soft_sided_requirement, aircraft_varies, notes, source_url, source_label, source_type, last_verified_at) values ('southwest-economy', 'southwest', 'economy', null, 47, 21.6, 34.3, null, null, false, 'Carrier max 18.5x8.5x13.5 in; hard or soft permitted. Sources differ on the small dimension (8.5 vs 9.5 in) — we use the more conservative 8.5 in. No published weight limit.', 'https://www.southwest.com/help/traveling-with-pets', 'Southwest — Traveling with pets', 'airline_official', '2026-05-26') on conflict (id) do nothing;
insert into public.airline_rules (id, airline_id, cabin, aircraft_type, max_length_cm, max_width_cm, max_height_cm, max_combined_weight_kg, soft_sided_requirement, aircraft_varies, notes, source_url, source_label, source_type, last_verified_at) values ('jetblue-economy', 'jetblue', 'economy', null, 43.2, 31.8, 21.6, 9.07, 'recommended', false, 'Carrier max 17x12.5x8.5 in. Both soft and hard carriers are allowed; soft is preferred. Combined pet + carrier max 20 lb.', 'https://www.jetblue.com/traveling-together/traveling-with-pets', 'JetBlue — Traveling with pets', 'airline_official', '2026-05-26') on conflict (id) do nothing;
insert into public.airline_rules (id, airline_id, cabin, aircraft_type, max_length_cm, max_width_cm, max_height_cm, max_combined_weight_kg, soft_sided_requirement, aircraft_varies, notes, source_url, source_label, source_type, last_verified_at) values ('alaska-economy', 'alaska', 'economy', null, 43.2, 27.9, 24.1, null, 'recommended', false, 'Soft carrier max 17x11x9.5 in (modelled); hard carrier max 17x11x7.5 in. No published weight limit; hard carriers may not fit under all aircraft seats.', 'https://www.alaskaair.com/content/travel-info/policies/pets-traveling-with-pets', 'Alaska Airlines — Pets traveling with you', 'airline_official', '2026-05-26') on conflict (id) do nothing;
insert into public.airline_rules (id, airline_id, cabin, aircraft_type, max_length_cm, max_width_cm, max_height_cm, max_combined_weight_kg, soft_sided_requirement, aircraft_varies, notes, source_url, source_label, source_type, last_verified_at) values ('lufthansa-economy', 'lufthansa', 'economy', null, 55, 40, 23, 8, 'required', false, 'Soft-sided carrier required in cabin. Carrier max 55x40x23 cm. Combined pet + carrier max 8 kg in cabin.', 'https://www.lufthansa.com/de/en/travelling-with-animals', 'Lufthansa — Travelling with animals', 'airline_official', '2026-05-26') on conflict (id) do nothing;
insert into public.airline_rules (id, airline_id, cabin, aircraft_type, max_length_cm, max_width_cm, max_height_cm, max_combined_weight_kg, soft_sided_requirement, aircraft_varies, notes, source_url, source_label, source_type, last_verified_at) values ('porter-economy', 'porter', 'economy', null, 55, 40, 23, 9, 'required', false, 'Soft-sided carrier only. Max 55x40x23 cm (22x16x9 in). Combined pet + carrier max 9 kg (20 lb). Must fit under the seat.', 'https://www.flyporter.com/en-ca/travel-information/baggage/pets', 'Porter Airlines — Travelling with pets', 'airline_official', '2026-05-26') on conflict (id) do nothing;
insert into public.airline_rules (id, airline_id, cabin, aircraft_type, max_length_cm, max_width_cm, max_height_cm, max_combined_weight_kg, soft_sided_requirement, aircraft_varies, notes, source_url, source_label, source_type, last_verified_at) values ('westjet-economy', 'westjet', 'economy', null, 40.6, 21.6, 25.4, 10, 'required', false, 'Soft-sided carrier required in cabin. Max 16x8.5x10 in (41x21.6x25.4 cm). Combined pet + carrier max 10 kg (22 lb).', 'https://www.westjet.com/en-ca/pets', 'WestJet — Travelling with pets', 'airline_official', '2026-05-26') on conflict (id) do nothing;
insert into public.airline_rules (id, airline_id, cabin, aircraft_type, max_length_cm, max_width_cm, max_height_cm, max_combined_weight_kg, soft_sided_requirement, aircraft_varies, notes, source_url, source_label, source_type, last_verified_at) values ('air-transat-economy', 'air-transat', 'economy', null, 43, 24, 25, 8, 'required', false, 'Soft-sided carrier required (hard-sided not permitted in cabin). Max 43x24x25 cm (17x9x10 in). Combined pet + carrier max 8 kg.', 'https://www.airtransat.com/en-CA/forms/pet-information', 'Air Transat — Travelling with pets', 'airline_official', '2026-05-26') on conflict (id) do nothing;
insert into public.airline_rules (id, airline_id, cabin, aircraft_type, max_length_cm, max_width_cm, max_height_cm, max_combined_weight_kg, soft_sided_requirement, aircraft_varies, notes, source_url, source_label, source_type, last_verified_at) values ('flair-economy', 'flair', 'economy', null, 41, 23, 25, 10.4, 'required', false, 'Soft-sided carrier required. Max 41x23x25 cm (16x9x10 in). Combined pet + carrier max 10.4 kg (23 lb). In-cabin pets on domestic Canada flights only — not offered on US/international routes.', 'https://www.flyflair.com/travel-info/baggage/pets-onboard', 'Flair Airlines — Pets onboard', 'airline_official', '2026-05-26') on conflict (id) do nothing;
insert into public.airline_rules (id, airline_id, cabin, aircraft_type, max_length_cm, max_width_cm, max_height_cm, max_combined_weight_kg, soft_sided_requirement, aircraft_varies, notes, source_url, source_label, source_type, last_verified_at) values ('klm-economy', 'klm', 'economy', null, 46, 28, 24, 8, null, false, 'Economy (all routes) and Business within Europe. Carrier max 46x28x24 cm (18x11x9 in). Combined pet + carrier max 8 kg (17.6 lb). Must fit under the seat. Not allowed in Premium Comfort or Business on intercontinental routes.', 'https://www.klm.com/information/pets/reservation', 'KLM — Flying with your pet in the cabin or hold', 'airline_official', '2026-06-18') on conflict (id) do nothing;
insert into public.airline_rules (id, airline_id, cabin, aircraft_type, max_length_cm, max_width_cm, max_height_cm, max_combined_weight_kg, soft_sided_requirement, aircraft_varies, notes, source_url, source_label, source_type, last_verified_at) values ('air-france-economy', 'air-france', 'economy', null, 45.7, 27.9, 27.9, 8, null, true, 'Pet + carrier must weigh less than 8 kg (17.6 lb) for in-cabin travel. Air France does not publish explicit carrier maximum dimensions — the values below (~18x11x11 in) are from third-party sources and need re-verification against official Air France policy. Confirm directly with Air France before travel.', 'https://wwws.airfrance.fr/en/information/passagers/voyager-avec-son-animal-chien-chat', 'Air France — Travel with your pet', 'airline_official', '2026-06-18') on conflict (id) do nothing;
insert into public.airline_rules (id, airline_id, cabin, aircraft_type, max_length_cm, max_width_cm, max_height_cm, max_combined_weight_kg, soft_sided_requirement, aircraft_varies, notes, source_url, source_label, source_type, last_verified_at) values ('frontier-economy', 'frontier', 'economy', null, 45.7, 35.6, 27.9, null, 'recommended', false, 'Hard-sided max 18x14x8 in; soft-sided max 18x14x11 in. Soft-sided recommended. No published weight limit. Domestic US flights only — no cargo hold pets. Only service dogs accepted on international flights.', 'https://faq.flyfrontier.com/help/do-you-allow-pets-on-the-plane', 'Frontier Airlines — Pets Onboard', 'airline_official', '2026-06-18') on conflict (id) do nothing;
insert into public.airline_rules (id, airline_id, cabin, aircraft_type, max_length_cm, max_width_cm, max_height_cm, max_combined_weight_kg, soft_sided_requirement, aircraft_varies, notes, source_url, source_label, source_type, last_verified_at) values ('spirit-economy', 'spirit', 'economy', null, 45.7, 35.6, 22.9, 18.14, 'required', false, 'Soft-sided carrier required (hard-sided not permitted). Max 18x14x9 in. Combined pet + carrier max 40 lb (18.1 kg). Domestic US only. Spirit is strict on carrier dimensions — carrier must slide completely under the seat.', 'https://www.spirit.com/en/us/pets', 'Spirit Airlines — Pets', 'airline_official', '2026-06-18') on conflict (id) do nothing;
insert into public.airline_rules (id, airline_id, cabin, aircraft_type, max_length_cm, max_width_cm, max_height_cm, max_combined_weight_kg, soft_sided_requirement, aircraft_varies, notes, source_url, source_label, source_type, last_verified_at) values ('avelo-economy', 'avelo', 'economy', null, 43.2, 22.9, 33, null, null, false, 'Hard-sided max 17x13x9 in (43x33x22 cm); soft-sided must fit in the same space. Both hard and soft permitted. No published weight limit. Domestic US only. Up to 8 pet carriers per flight.', 'https://www.aveloair.com/help/pet-policy', 'Avelo Airlines — Pet Policy', 'airline_official', '2026-06-18') on conflict (id) do nothing;
insert into public.airline_rules (id, airline_id, cabin, aircraft_type, max_length_cm, max_width_cm, max_height_cm, max_combined_weight_kg, soft_sided_requirement, aircraft_varies, notes, source_url, source_label, source_type, last_verified_at) values ('british-airways-cargo-only', 'british-airways', 'economy', null, null, null, null, null, null, false, 'British Airways does NOT allow pets in the cabin on any route (except assistance/service dogs). All pets must travel in the hold via cargo. This airline is listed so users get an honest answer instead of ''unsupported airline''. Confirm arrangements with PetAir UK (export) or IAG Cargo (import).', 'https://www.britishairways.com/content/information/travel-assistance/travelling-with-pets', 'British Airways — Travelling with pets', 'airline_official', '2026-06-18') on conflict (id) do nothing;
insert into public.airline_rules (id, airline_id, cabin, aircraft_type, max_length_cm, max_width_cm, max_height_cm, max_combined_weight_kg, soft_sided_requirement, aircraft_varies, notes, source_url, source_label, source_type, last_verified_at) values ('allegiant-economy', 'allegiant', 'economy', null, 48.3, 40.6, 22.9, null, 'recommended', false, 'Soft-sided carrier recommended. Max 19x16x9 in (48x41x23 cm). Combined pet + carrier max 20 lb (9 kg) per carrier (up to 2 carriers per booking). In-cabin only — no cargo hold pets. Domestic US (contiguous 48 states) and Puerto Rico only. Up to 2 pets per carrier, 2 carriers per booking.', 'https://www.allegiantair.com/traveling-with-pets', 'Allegiant Air — Traveling with Pets', 'airline_official', '2026-06-18') on conflict (id) do nothing;
insert into public.airline_rules (id, airline_id, cabin, aircraft_type, max_length_cm, max_width_cm, max_height_cm, max_combined_weight_kg, soft_sided_requirement, aircraft_varies, notes, source_url, source_label, source_type, last_verified_at) values ('hawaiian-economy', 'hawaiian', 'economy', null, 43.2, 27.9, 24.1, 11.34, 'required', false, 'Soft-sided carrier required in cabin. Max 17x11x9.5 in (43x28x24 cm). Combined pet + carrier max 25 lb (11.3 kg). Allowed on Hawaii-mainland and interisland routes. $35 interisland, $125 mainland-Hawaii. Pets not accepted in cabin on international flights.', 'https://www.hawaiianairlines.com/content/travel-info/pets', 'Hawaiian Airlines — Traveling with Pets', 'airline_official', '2026-06-18') on conflict (id) do nothing;
insert into public.airline_rules (id, airline_id, cabin, aircraft_type, max_length_cm, max_width_cm, max_height_cm, max_combined_weight_kg, soft_sided_requirement, aircraft_varies, notes, source_url, source_label, source_type, last_verified_at) values ('emirates-cargo-only', 'emirates', 'economy', null, null, null, null, null, null, false, 'Emirates does NOT allow pets in the cabin (except falcons on select Dubai-Pakistan routes and certified guide dogs/assistance animals). All other pets must travel as manifest cargo via Emirates SkyCargo. This airline is listed so users get an honest answer instead of ''unsupported airline''.', 'https://www.emirates.com/english/help/faq/449416/can-i-carry-live-animals-on-emirates-flights', 'Emirates — Can I carry live animals on Emirates flights?', 'airline_official', '2026-06-18') on conflict (id) do nothing;
insert into public.airline_rules (id, airline_id, cabin, aircraft_type, max_length_cm, max_width_cm, max_height_cm, max_combined_weight_kg, soft_sided_requirement, aircraft_varies, notes, source_url, source_label, source_type, last_verified_at) values ('ryanair-no-pets', 'ryanair', 'economy', null, null, null, null, null, null, false, 'Ryanair does NOT carry animals on board any flights (except certified guide/assistance dogs on certain routes). Pets cannot travel in the cabin or cargo hold. This airline is listed so users get an honest answer instead of ''unsupported airline''.', 'https://help.ryanair.com/hc/en-gb/articles/12890968181521-Does-Ryanair-carry-animals', 'Ryanair — Does Ryanair carry animals?', 'airline_official', '2026-06-18') on conflict (id) do nothing;
insert into public.airline_rules (id, airline_id, cabin, aircraft_type, max_length_cm, max_width_cm, max_height_cm, max_combined_weight_kg, soft_sided_requirement, aircraft_varies, notes, source_url, source_label, source_type, last_verified_at) values ('air-canada-first', 'air-canada', 'first', null, 55, 40, 27, 10, 'required', false, 'Soft-sided carrier required in cabin since 1 Jun 2025. Soft max 55x40x27 cm (hard 55x40x23 cm no longer permitted in cabin). Pet + carrier must not exceed 10 kg. Unverified cabin-specific fallback: no separate first class in-cabin carrier rule found; copied from Economy as a conservative stand-in.', 'https://www.aircanada.com/ca/en/aco/home/plan/special-assistance/pets.html', 'Air Canada — Travelling with pets (First Class fallback)', 'airline_official', '2026-05-26') on conflict (id) do nothing;
insert into public.airline_rules (id, airline_id, cabin, aircraft_type, max_length_cm, max_width_cm, max_height_cm, max_combined_weight_kg, soft_sided_requirement, aircraft_varies, notes, source_url, source_label, source_type, last_verified_at) values ('united-premium-economy', 'united', 'premium_economy', null, 45.7, 27.9, 27.9, null, 'recommended', true, 'Soft carrier max 18x11x11 in (modelled). Hard carrier max 17.5x12x9 in. No published weight limit. Under-seat clearance varies by aircraft. Unverified cabin-specific fallback: no separate premium economy in-cabin carrier rule found; copied from Economy as a conservative stand-in.', 'https://www.united.com/en/us/fly/travel/special-needs/pets.html', 'United — Travelling with pets (Premium Economy fallback)', 'airline_official', '2026-05-26') on conflict (id) do nothing;
insert into public.airline_rules (id, airline_id, cabin, aircraft_type, max_length_cm, max_width_cm, max_height_cm, max_combined_weight_kg, soft_sided_requirement, aircraft_varies, notes, source_url, source_label, source_type, last_verified_at) values ('united-business', 'united', 'business', null, 45.7, 27.9, 27.9, null, 'recommended', true, 'Soft carrier max 18x11x11 in (modelled). Hard carrier max 17.5x12x9 in. No published weight limit. Under-seat clearance varies by aircraft. Unverified cabin-specific fallback: no separate business in-cabin carrier rule found; copied from Economy as a conservative stand-in.', 'https://www.united.com/en/us/fly/travel/special-needs/pets.html', 'United — Travelling with pets (Business fallback)', 'airline_official', '2026-05-26') on conflict (id) do nothing;
insert into public.airline_rules (id, airline_id, cabin, aircraft_type, max_length_cm, max_width_cm, max_height_cm, max_combined_weight_kg, soft_sided_requirement, aircraft_varies, notes, source_url, source_label, source_type, last_verified_at) values ('united-first', 'united', 'first', null, 45.7, 27.9, 27.9, null, 'recommended', true, 'Soft carrier max 18x11x11 in (modelled). Hard carrier max 17.5x12x9 in. No published weight limit. Under-seat clearance varies by aircraft. Unverified cabin-specific fallback: no separate first class in-cabin carrier rule found; copied from Economy as a conservative stand-in.', 'https://www.united.com/en/us/fly/travel/special-needs/pets.html', 'United — Travelling with pets (First Class fallback)', 'airline_official', '2026-05-26') on conflict (id) do nothing;
insert into public.airline_rules (id, airline_id, cabin, aircraft_type, max_length_cm, max_width_cm, max_height_cm, max_combined_weight_kg, soft_sided_requirement, aircraft_varies, notes, source_url, source_label, source_type, last_verified_at) values ('southwest-premium-economy', 'southwest', 'premium_economy', null, 47, 21.6, 34.3, null, null, false, 'Carrier max 18.5x8.5x13.5 in; hard or soft permitted. Sources differ on the small dimension (8.5 vs 9.5 in) — we use the more conservative 8.5 in. No published weight limit. Unverified cabin-specific fallback: no separate premium economy in-cabin carrier rule found; copied from Economy as a conservative stand-in.', 'https://www.southwest.com/help/traveling-with-pets', 'Southwest — Traveling with pets (Premium Economy fallback)', 'airline_official', '2026-05-26') on conflict (id) do nothing;
insert into public.airline_rules (id, airline_id, cabin, aircraft_type, max_length_cm, max_width_cm, max_height_cm, max_combined_weight_kg, soft_sided_requirement, aircraft_varies, notes, source_url, source_label, source_type, last_verified_at) values ('southwest-business', 'southwest', 'business', null, 47, 21.6, 34.3, null, null, false, 'Carrier max 18.5x8.5x13.5 in; hard or soft permitted. Sources differ on the small dimension (8.5 vs 9.5 in) — we use the more conservative 8.5 in. No published weight limit. Unverified cabin-specific fallback: no separate business in-cabin carrier rule found; copied from Economy as a conservative stand-in.', 'https://www.southwest.com/help/traveling-with-pets', 'Southwest — Traveling with pets (Business fallback)', 'airline_official', '2026-05-26') on conflict (id) do nothing;
insert into public.airline_rules (id, airline_id, cabin, aircraft_type, max_length_cm, max_width_cm, max_height_cm, max_combined_weight_kg, soft_sided_requirement, aircraft_varies, notes, source_url, source_label, source_type, last_verified_at) values ('southwest-first', 'southwest', 'first', null, 47, 21.6, 34.3, null, null, false, 'Carrier max 18.5x8.5x13.5 in; hard or soft permitted. Sources differ on the small dimension (8.5 vs 9.5 in) — we use the more conservative 8.5 in. No published weight limit. Unverified cabin-specific fallback: no separate first class in-cabin carrier rule found; copied from Economy as a conservative stand-in.', 'https://www.southwest.com/help/traveling-with-pets', 'Southwest — Traveling with pets (First Class fallback)', 'airline_official', '2026-05-26') on conflict (id) do nothing;
insert into public.airline_rules (id, airline_id, cabin, aircraft_type, max_length_cm, max_width_cm, max_height_cm, max_combined_weight_kg, soft_sided_requirement, aircraft_varies, notes, source_url, source_label, source_type, last_verified_at) values ('jetblue-premium-economy', 'jetblue', 'premium_economy', null, 43.2, 31.8, 21.6, 9.07, 'recommended', false, 'Carrier max 17x12.5x8.5 in. Both soft and hard carriers are allowed; soft is preferred. Combined pet + carrier max 20 lb. Unverified cabin-specific fallback: no separate premium economy in-cabin carrier rule found; copied from Economy as a conservative stand-in.', 'https://www.jetblue.com/traveling-together/traveling-with-pets', 'JetBlue — Traveling with pets (Premium Economy fallback)', 'airline_official', '2026-05-26') on conflict (id) do nothing;
insert into public.airline_rules (id, airline_id, cabin, aircraft_type, max_length_cm, max_width_cm, max_height_cm, max_combined_weight_kg, soft_sided_requirement, aircraft_varies, notes, source_url, source_label, source_type, last_verified_at) values ('jetblue-business', 'jetblue', 'business', null, 43.2, 31.8, 21.6, 9.07, 'recommended', false, 'Carrier max 17x12.5x8.5 in. Both soft and hard carriers are allowed; soft is preferred. Combined pet + carrier max 20 lb. Unverified cabin-specific fallback: no separate business in-cabin carrier rule found; copied from Economy as a conservative stand-in.', 'https://www.jetblue.com/traveling-together/traveling-with-pets', 'JetBlue — Traveling with pets (Business fallback)', 'airline_official', '2026-05-26') on conflict (id) do nothing;
insert into public.airline_rules (id, airline_id, cabin, aircraft_type, max_length_cm, max_width_cm, max_height_cm, max_combined_weight_kg, soft_sided_requirement, aircraft_varies, notes, source_url, source_label, source_type, last_verified_at) values ('jetblue-first', 'jetblue', 'first', null, 43.2, 31.8, 21.6, 9.07, 'recommended', false, 'Carrier max 17x12.5x8.5 in. Both soft and hard carriers are allowed; soft is preferred. Combined pet + carrier max 20 lb. Unverified cabin-specific fallback: no separate first class in-cabin carrier rule found; copied from Economy as a conservative stand-in.', 'https://www.jetblue.com/traveling-together/traveling-with-pets', 'JetBlue — Traveling with pets (First Class fallback)', 'airline_official', '2026-05-26') on conflict (id) do nothing;
insert into public.airline_rules (id, airline_id, cabin, aircraft_type, max_length_cm, max_width_cm, max_height_cm, max_combined_weight_kg, soft_sided_requirement, aircraft_varies, notes, source_url, source_label, source_type, last_verified_at) values ('alaska-premium-economy', 'alaska', 'premium_economy', null, 43.2, 27.9, 24.1, null, 'recommended', false, 'Soft carrier max 17x11x9.5 in (modelled); hard carrier max 17x11x7.5 in. No published weight limit; hard carriers may not fit under all aircraft seats. Unverified cabin-specific fallback: no separate premium economy in-cabin carrier rule found; copied from Economy as a conservative stand-in.', 'https://www.alaskaair.com/content/travel-info/policies/pets-traveling-with-pets', 'Alaska Airlines — Pets traveling with you (Premium Economy fallback)', 'airline_official', '2026-05-26') on conflict (id) do nothing;
insert into public.airline_rules (id, airline_id, cabin, aircraft_type, max_length_cm, max_width_cm, max_height_cm, max_combined_weight_kg, soft_sided_requirement, aircraft_varies, notes, source_url, source_label, source_type, last_verified_at) values ('alaska-business', 'alaska', 'business', null, 43.2, 27.9, 24.1, null, 'recommended', false, 'Soft carrier max 17x11x9.5 in (modelled); hard carrier max 17x11x7.5 in. No published weight limit; hard carriers may not fit under all aircraft seats. Unverified cabin-specific fallback: no separate business in-cabin carrier rule found; copied from Economy as a conservative stand-in.', 'https://www.alaskaair.com/content/travel-info/policies/pets-traveling-with-pets', 'Alaska Airlines — Pets traveling with you (Business fallback)', 'airline_official', '2026-05-26') on conflict (id) do nothing;
insert into public.airline_rules (id, airline_id, cabin, aircraft_type, max_length_cm, max_width_cm, max_height_cm, max_combined_weight_kg, soft_sided_requirement, aircraft_varies, notes, source_url, source_label, source_type, last_verified_at) values ('alaska-first', 'alaska', 'first', null, 43.2, 27.9, 24.1, null, 'recommended', false, 'Soft carrier max 17x11x9.5 in (modelled); hard carrier max 17x11x7.5 in. No published weight limit; hard carriers may not fit under all aircraft seats. Unverified cabin-specific fallback: no separate first class in-cabin carrier rule found; copied from Economy as a conservative stand-in.', 'https://www.alaskaair.com/content/travel-info/policies/pets-traveling-with-pets', 'Alaska Airlines — Pets traveling with you (First Class fallback)', 'airline_official', '2026-05-26') on conflict (id) do nothing;
insert into public.airline_rules (id, airline_id, cabin, aircraft_type, max_length_cm, max_width_cm, max_height_cm, max_combined_weight_kg, soft_sided_requirement, aircraft_varies, notes, source_url, source_label, source_type, last_verified_at) values ('porter-premium-economy', 'porter', 'premium_economy', null, 55, 40, 23, 9, 'required', false, 'Soft-sided carrier only. Max 55x40x23 cm (22x16x9 in). Combined pet + carrier max 9 kg (20 lb). Must fit under the seat. Unverified cabin-specific fallback: no separate premium economy in-cabin carrier rule found; copied from Economy as a conservative stand-in.', 'https://www.flyporter.com/en-ca/travel-information/baggage/pets', 'Porter Airlines — Travelling with pets (Premium Economy fallback)', 'airline_official', '2026-05-26') on conflict (id) do nothing;
insert into public.airline_rules (id, airline_id, cabin, aircraft_type, max_length_cm, max_width_cm, max_height_cm, max_combined_weight_kg, soft_sided_requirement, aircraft_varies, notes, source_url, source_label, source_type, last_verified_at) values ('porter-business', 'porter', 'business', null, 55, 40, 23, 9, 'required', false, 'Soft-sided carrier only. Max 55x40x23 cm (22x16x9 in). Combined pet + carrier max 9 kg (20 lb). Must fit under the seat. Unverified cabin-specific fallback: no separate business in-cabin carrier rule found; copied from Economy as a conservative stand-in.', 'https://www.flyporter.com/en-ca/travel-information/baggage/pets', 'Porter Airlines — Travelling with pets (Business fallback)', 'airline_official', '2026-05-26') on conflict (id) do nothing;
insert into public.airline_rules (id, airline_id, cabin, aircraft_type, max_length_cm, max_width_cm, max_height_cm, max_combined_weight_kg, soft_sided_requirement, aircraft_varies, notes, source_url, source_label, source_type, last_verified_at) values ('porter-first', 'porter', 'first', null, 55, 40, 23, 9, 'required', false, 'Soft-sided carrier only. Max 55x40x23 cm (22x16x9 in). Combined pet + carrier max 9 kg (20 lb). Must fit under the seat. Unverified cabin-specific fallback: no separate first class in-cabin carrier rule found; copied from Economy as a conservative stand-in.', 'https://www.flyporter.com/en-ca/travel-information/baggage/pets', 'Porter Airlines — Travelling with pets (First Class fallback)', 'airline_official', '2026-05-26') on conflict (id) do nothing;
insert into public.airline_rules (id, airline_id, cabin, aircraft_type, max_length_cm, max_width_cm, max_height_cm, max_combined_weight_kg, soft_sided_requirement, aircraft_varies, notes, source_url, source_label, source_type, last_verified_at) values ('westjet-premium-economy', 'westjet', 'premium_economy', null, 40.6, 21.6, 25.4, 10, 'required', false, 'Soft-sided carrier required in cabin. Max 16x8.5x10 in (41x21.6x25.4 cm). Combined pet + carrier max 10 kg (22 lb). Unverified cabin-specific fallback: no separate premium economy in-cabin carrier rule found; copied from Economy as a conservative stand-in.', 'https://www.westjet.com/en-ca/pets', 'WestJet — Travelling with pets (Premium Economy fallback)', 'airline_official', '2026-05-26') on conflict (id) do nothing;
insert into public.airline_rules (id, airline_id, cabin, aircraft_type, max_length_cm, max_width_cm, max_height_cm, max_combined_weight_kg, soft_sided_requirement, aircraft_varies, notes, source_url, source_label, source_type, last_verified_at) values ('westjet-business', 'westjet', 'business', null, 40.6, 21.6, 25.4, 10, 'required', false, 'Soft-sided carrier required in cabin. Max 16x8.5x10 in (41x21.6x25.4 cm). Combined pet + carrier max 10 kg (22 lb). Unverified cabin-specific fallback: no separate business in-cabin carrier rule found; copied from Economy as a conservative stand-in.', 'https://www.westjet.com/en-ca/pets', 'WestJet — Travelling with pets (Business fallback)', 'airline_official', '2026-05-26') on conflict (id) do nothing;
insert into public.airline_rules (id, airline_id, cabin, aircraft_type, max_length_cm, max_width_cm, max_height_cm, max_combined_weight_kg, soft_sided_requirement, aircraft_varies, notes, source_url, source_label, source_type, last_verified_at) values ('westjet-first', 'westjet', 'first', null, 40.6, 21.6, 25.4, 10, 'required', false, 'Soft-sided carrier required in cabin. Max 16x8.5x10 in (41x21.6x25.4 cm). Combined pet + carrier max 10 kg (22 lb). Unverified cabin-specific fallback: no separate first class in-cabin carrier rule found; copied from Economy as a conservative stand-in.', 'https://www.westjet.com/en-ca/pets', 'WestJet — Travelling with pets (First Class fallback)', 'airline_official', '2026-05-26') on conflict (id) do nothing;
insert into public.airline_rules (id, airline_id, cabin, aircraft_type, max_length_cm, max_width_cm, max_height_cm, max_combined_weight_kg, soft_sided_requirement, aircraft_varies, notes, source_url, source_label, source_type, last_verified_at) values ('air-transat-premium-economy', 'air-transat', 'premium_economy', null, 43, 24, 25, 8, 'required', false, 'Soft-sided carrier required (hard-sided not permitted in cabin). Max 43x24x25 cm (17x9x10 in). Combined pet + carrier max 8 kg. Unverified cabin-specific fallback: no separate premium economy in-cabin carrier rule found; copied from Economy as a conservative stand-in.', 'https://www.airtransat.com/en-CA/forms/pet-information', 'Air Transat — Travelling with pets (Premium Economy fallback)', 'airline_official', '2026-05-26') on conflict (id) do nothing;
insert into public.airline_rules (id, airline_id, cabin, aircraft_type, max_length_cm, max_width_cm, max_height_cm, max_combined_weight_kg, soft_sided_requirement, aircraft_varies, notes, source_url, source_label, source_type, last_verified_at) values ('air-transat-business', 'air-transat', 'business', null, 43, 24, 25, 8, 'required', false, 'Soft-sided carrier required (hard-sided not permitted in cabin). Max 43x24x25 cm (17x9x10 in). Combined pet + carrier max 8 kg. Unverified cabin-specific fallback: no separate business in-cabin carrier rule found; copied from Economy as a conservative stand-in.', 'https://www.airtransat.com/en-CA/forms/pet-information', 'Air Transat — Travelling with pets (Business fallback)', 'airline_official', '2026-05-26') on conflict (id) do nothing;
insert into public.airline_rules (id, airline_id, cabin, aircraft_type, max_length_cm, max_width_cm, max_height_cm, max_combined_weight_kg, soft_sided_requirement, aircraft_varies, notes, source_url, source_label, source_type, last_verified_at) values ('air-transat-first', 'air-transat', 'first', null, 43, 24, 25, 8, 'required', false, 'Soft-sided carrier required (hard-sided not permitted in cabin). Max 43x24x25 cm (17x9x10 in). Combined pet + carrier max 8 kg. Unverified cabin-specific fallback: no separate first class in-cabin carrier rule found; copied from Economy as a conservative stand-in.', 'https://www.airtransat.com/en-CA/forms/pet-information', 'Air Transat — Travelling with pets (First Class fallback)', 'airline_official', '2026-05-26') on conflict (id) do nothing;
insert into public.airline_rules (id, airline_id, cabin, aircraft_type, max_length_cm, max_width_cm, max_height_cm, max_combined_weight_kg, soft_sided_requirement, aircraft_varies, notes, source_url, source_label, source_type, last_verified_at) values ('flair-premium-economy', 'flair', 'premium_economy', null, 41, 23, 25, 10.4, 'required', false, 'Soft-sided carrier required. Max 41x23x25 cm (16x9x10 in). Combined pet + carrier max 10.4 kg (23 lb). In-cabin pets on domestic Canada flights only — not offered on US/international routes. Unverified cabin-specific fallback: no separate premium economy in-cabin carrier rule found; copied from Economy as a conservative stand-in.', 'https://www.flyflair.com/travel-info/baggage/pets-onboard', 'Flair Airlines — Pets onboard (Premium Economy fallback)', 'airline_official', '2026-05-26') on conflict (id) do nothing;
insert into public.airline_rules (id, airline_id, cabin, aircraft_type, max_length_cm, max_width_cm, max_height_cm, max_combined_weight_kg, soft_sided_requirement, aircraft_varies, notes, source_url, source_label, source_type, last_verified_at) values ('flair-business', 'flair', 'business', null, 41, 23, 25, 10.4, 'required', false, 'Soft-sided carrier required. Max 41x23x25 cm (16x9x10 in). Combined pet + carrier max 10.4 kg (23 lb). In-cabin pets on domestic Canada flights only — not offered on US/international routes. Unverified cabin-specific fallback: no separate business in-cabin carrier rule found; copied from Economy as a conservative stand-in.', 'https://www.flyflair.com/travel-info/baggage/pets-onboard', 'Flair Airlines — Pets onboard (Business fallback)', 'airline_official', '2026-05-26') on conflict (id) do nothing;
insert into public.airline_rules (id, airline_id, cabin, aircraft_type, max_length_cm, max_width_cm, max_height_cm, max_combined_weight_kg, soft_sided_requirement, aircraft_varies, notes, source_url, source_label, source_type, last_verified_at) values ('flair-first', 'flair', 'first', null, 41, 23, 25, 10.4, 'required', false, 'Soft-sided carrier required. Max 41x23x25 cm (16x9x10 in). Combined pet + carrier max 10.4 kg (23 lb). In-cabin pets on domestic Canada flights only — not offered on US/international routes. Unverified cabin-specific fallback: no separate first class in-cabin carrier rule found; copied from Economy as a conservative stand-in.', 'https://www.flyflair.com/travel-info/baggage/pets-onboard', 'Flair Airlines — Pets onboard (First Class fallback)', 'airline_official', '2026-05-26') on conflict (id) do nothing;
insert into public.airline_rules (id, airline_id, cabin, aircraft_type, max_length_cm, max_width_cm, max_height_cm, max_combined_weight_kg, soft_sided_requirement, aircraft_varies, notes, source_url, source_label, source_type, last_verified_at) values ('air-france-premium-economy', 'air-france', 'premium_economy', null, 45.7, 27.9, 27.9, 8, null, true, 'Pet + carrier must weigh less than 8 kg (17.6 lb) for in-cabin travel. Air France does not publish explicit carrier maximum dimensions — the values below (~18x11x11 in) are from third-party sources and need re-verification against official Air France policy. Confirm directly with Air France before travel. Unverified cabin-specific fallback: no separate premium economy in-cabin carrier rule found; copied from Economy as a conservative stand-in.', 'https://wwws.airfrance.fr/en/information/passagers/voyager-avec-son-animal-chien-chat', 'Air France — Travel with your pet (Premium Economy fallback)', 'airline_official', '2026-06-18') on conflict (id) do nothing;
insert into public.airline_rules (id, airline_id, cabin, aircraft_type, max_length_cm, max_width_cm, max_height_cm, max_combined_weight_kg, soft_sided_requirement, aircraft_varies, notes, source_url, source_label, source_type, last_verified_at) values ('air-france-business', 'air-france', 'business', null, 45.7, 27.9, 27.9, 8, null, true, 'Pet + carrier must weigh less than 8 kg (17.6 lb) for in-cabin travel. Air France does not publish explicit carrier maximum dimensions — the values below (~18x11x11 in) are from third-party sources and need re-verification against official Air France policy. Confirm directly with Air France before travel. Unverified cabin-specific fallback: no separate business in-cabin carrier rule found; copied from Economy as a conservative stand-in.', 'https://wwws.airfrance.fr/en/information/passagers/voyager-avec-son-animal-chien-chat', 'Air France — Travel with your pet (Business fallback)', 'airline_official', '2026-06-18') on conflict (id) do nothing;
insert into public.airline_rules (id, airline_id, cabin, aircraft_type, max_length_cm, max_width_cm, max_height_cm, max_combined_weight_kg, soft_sided_requirement, aircraft_varies, notes, source_url, source_label, source_type, last_verified_at) values ('frontier-premium-economy', 'frontier', 'premium_economy', null, 45.7, 35.6, 27.9, null, 'recommended', false, 'Hard-sided max 18x14x8 in; soft-sided max 18x14x11 in. Soft-sided recommended. No published weight limit. Domestic US flights only — no cargo hold pets. Only service dogs accepted on international flights. Unverified cabin-specific fallback: no separate premium economy in-cabin carrier rule found; copied from Economy as a conservative stand-in.', 'https://faq.flyfrontier.com/help/do-you-allow-pets-on-the-plane', 'Frontier Airlines — Pets Onboard (Premium Economy fallback)', 'airline_official', '2026-06-18') on conflict (id) do nothing;
insert into public.airline_rules (id, airline_id, cabin, aircraft_type, max_length_cm, max_width_cm, max_height_cm, max_combined_weight_kg, soft_sided_requirement, aircraft_varies, notes, source_url, source_label, source_type, last_verified_at) values ('frontier-business', 'frontier', 'business', null, 45.7, 35.6, 27.9, null, 'recommended', false, 'Hard-sided max 18x14x8 in; soft-sided max 18x14x11 in. Soft-sided recommended. No published weight limit. Domestic US flights only — no cargo hold pets. Only service dogs accepted on international flights. Unverified cabin-specific fallback: no separate business in-cabin carrier rule found; copied from Economy as a conservative stand-in.', 'https://faq.flyfrontier.com/help/do-you-allow-pets-on-the-plane', 'Frontier Airlines — Pets Onboard (Business fallback)', 'airline_official', '2026-06-18') on conflict (id) do nothing;
insert into public.airline_rules (id, airline_id, cabin, aircraft_type, max_length_cm, max_width_cm, max_height_cm, max_combined_weight_kg, soft_sided_requirement, aircraft_varies, notes, source_url, source_label, source_type, last_verified_at) values ('frontier-first', 'frontier', 'first', null, 45.7, 35.6, 27.9, null, 'recommended', false, 'Hard-sided max 18x14x8 in; soft-sided max 18x14x11 in. Soft-sided recommended. No published weight limit. Domestic US flights only — no cargo hold pets. Only service dogs accepted on international flights. Unverified cabin-specific fallback: no separate first class in-cabin carrier rule found; copied from Economy as a conservative stand-in.', 'https://faq.flyfrontier.com/help/do-you-allow-pets-on-the-plane', 'Frontier Airlines — Pets Onboard (First Class fallback)', 'airline_official', '2026-06-18') on conflict (id) do nothing;
insert into public.airline_rules (id, airline_id, cabin, aircraft_type, max_length_cm, max_width_cm, max_height_cm, max_combined_weight_kg, soft_sided_requirement, aircraft_varies, notes, source_url, source_label, source_type, last_verified_at) values ('spirit-premium-economy', 'spirit', 'premium_economy', null, 45.7, 35.6, 22.9, 18.14, 'required', false, 'Soft-sided carrier required (hard-sided not permitted). Max 18x14x9 in. Combined pet + carrier max 40 lb (18.1 kg). Domestic US only. Spirit is strict on carrier dimensions — carrier must slide completely under the seat. Unverified cabin-specific fallback: no separate premium economy in-cabin carrier rule found; copied from Economy as a conservative stand-in.', 'https://www.spirit.com/en/us/pets', 'Spirit Airlines — Pets (Premium Economy fallback)', 'airline_official', '2026-06-18') on conflict (id) do nothing;
insert into public.airline_rules (id, airline_id, cabin, aircraft_type, max_length_cm, max_width_cm, max_height_cm, max_combined_weight_kg, soft_sided_requirement, aircraft_varies, notes, source_url, source_label, source_type, last_verified_at) values ('spirit-business', 'spirit', 'business', null, 45.7, 35.6, 22.9, 18.14, 'required', false, 'Soft-sided carrier required (hard-sided not permitted). Max 18x14x9 in. Combined pet + carrier max 40 lb (18.1 kg). Domestic US only. Spirit is strict on carrier dimensions — carrier must slide completely under the seat. Unverified cabin-specific fallback: no separate business in-cabin carrier rule found; copied from Economy as a conservative stand-in.', 'https://www.spirit.com/en/us/pets', 'Spirit Airlines — Pets (Business fallback)', 'airline_official', '2026-06-18') on conflict (id) do nothing;
insert into public.airline_rules (id, airline_id, cabin, aircraft_type, max_length_cm, max_width_cm, max_height_cm, max_combined_weight_kg, soft_sided_requirement, aircraft_varies, notes, source_url, source_label, source_type, last_verified_at) values ('spirit-first', 'spirit', 'first', null, 45.7, 35.6, 22.9, 18.14, 'required', false, 'Soft-sided carrier required (hard-sided not permitted). Max 18x14x9 in. Combined pet + carrier max 40 lb (18.1 kg). Domestic US only. Spirit is strict on carrier dimensions — carrier must slide completely under the seat. Unverified cabin-specific fallback: no separate first class in-cabin carrier rule found; copied from Economy as a conservative stand-in.', 'https://www.spirit.com/en/us/pets', 'Spirit Airlines — Pets (First Class fallback)', 'airline_official', '2026-06-18') on conflict (id) do nothing;
insert into public.airline_rules (id, airline_id, cabin, aircraft_type, max_length_cm, max_width_cm, max_height_cm, max_combined_weight_kg, soft_sided_requirement, aircraft_varies, notes, source_url, source_label, source_type, last_verified_at) values ('avelo-premium-economy', 'avelo', 'premium_economy', null, 43.2, 22.9, 33, null, null, false, 'Hard-sided max 17x13x9 in (43x33x22 cm); soft-sided must fit in the same space. Both hard and soft permitted. No published weight limit. Domestic US only. Up to 8 pet carriers per flight. Unverified cabin-specific fallback: no separate premium economy in-cabin carrier rule found; copied from Economy as a conservative stand-in.', 'https://www.aveloair.com/help/pet-policy', 'Avelo Airlines — Pet Policy (Premium Economy fallback)', 'airline_official', '2026-06-18') on conflict (id) do nothing;
insert into public.airline_rules (id, airline_id, cabin, aircraft_type, max_length_cm, max_width_cm, max_height_cm, max_combined_weight_kg, soft_sided_requirement, aircraft_varies, notes, source_url, source_label, source_type, last_verified_at) values ('avelo-business', 'avelo', 'business', null, 43.2, 22.9, 33, null, null, false, 'Hard-sided max 17x13x9 in (43x33x22 cm); soft-sided must fit in the same space. Both hard and soft permitted. No published weight limit. Domestic US only. Up to 8 pet carriers per flight. Unverified cabin-specific fallback: no separate business in-cabin carrier rule found; copied from Economy as a conservative stand-in.', 'https://www.aveloair.com/help/pet-policy', 'Avelo Airlines — Pet Policy (Business fallback)', 'airline_official', '2026-06-18') on conflict (id) do nothing;
insert into public.airline_rules (id, airline_id, cabin, aircraft_type, max_length_cm, max_width_cm, max_height_cm, max_combined_weight_kg, soft_sided_requirement, aircraft_varies, notes, source_url, source_label, source_type, last_verified_at) values ('avelo-first', 'avelo', 'first', null, 43.2, 22.9, 33, null, null, false, 'Hard-sided max 17x13x9 in (43x33x22 cm); soft-sided must fit in the same space. Both hard and soft permitted. No published weight limit. Domestic US only. Up to 8 pet carriers per flight. Unverified cabin-specific fallback: no separate first class in-cabin carrier rule found; copied from Economy as a conservative stand-in.', 'https://www.aveloair.com/help/pet-policy', 'Avelo Airlines — Pet Policy (First Class fallback)', 'airline_official', '2026-06-18') on conflict (id) do nothing;
insert into public.airline_rules (id, airline_id, cabin, aircraft_type, max_length_cm, max_width_cm, max_height_cm, max_combined_weight_kg, soft_sided_requirement, aircraft_varies, notes, source_url, source_label, source_type, last_verified_at) values ('british-airways-premium-economy', 'british-airways', 'premium_economy', null, null, null, null, null, null, false, 'British Airways does NOT allow pets in the cabin on any route (except assistance/service dogs). All pets must travel in the hold via cargo. This airline is listed so users get an honest answer instead of ''unsupported airline''. Confirm arrangements with PetAir UK (export) or IAG Cargo (import). Unverified cabin-specific fallback: no separate premium economy in-cabin carrier rule found; copied from Economy as a conservative stand-in.', 'https://www.britishairways.com/content/information/travel-assistance/travelling-with-pets', 'British Airways — Travelling with pets (Premium Economy fallback)', 'airline_official', '2026-06-18') on conflict (id) do nothing;
insert into public.airline_rules (id, airline_id, cabin, aircraft_type, max_length_cm, max_width_cm, max_height_cm, max_combined_weight_kg, soft_sided_requirement, aircraft_varies, notes, source_url, source_label, source_type, last_verified_at) values ('british-airways-business', 'british-airways', 'business', null, null, null, null, null, null, false, 'British Airways does NOT allow pets in the cabin on any route (except assistance/service dogs). All pets must travel in the hold via cargo. This airline is listed so users get an honest answer instead of ''unsupported airline''. Confirm arrangements with PetAir UK (export) or IAG Cargo (import). Unverified cabin-specific fallback: no separate business in-cabin carrier rule found; copied from Economy as a conservative stand-in.', 'https://www.britishairways.com/content/information/travel-assistance/travelling-with-pets', 'British Airways — Travelling with pets (Business fallback)', 'airline_official', '2026-06-18') on conflict (id) do nothing;
insert into public.airline_rules (id, airline_id, cabin, aircraft_type, max_length_cm, max_width_cm, max_height_cm, max_combined_weight_kg, soft_sided_requirement, aircraft_varies, notes, source_url, source_label, source_type, last_verified_at) values ('british-airways-first', 'british-airways', 'first', null, null, null, null, null, null, false, 'British Airways does NOT allow pets in the cabin on any route (except assistance/service dogs). All pets must travel in the hold via cargo. This airline is listed so users get an honest answer instead of ''unsupported airline''. Confirm arrangements with PetAir UK (export) or IAG Cargo (import). Unverified cabin-specific fallback: no separate first class in-cabin carrier rule found; copied from Economy as a conservative stand-in.', 'https://www.britishairways.com/content/information/travel-assistance/travelling-with-pets', 'British Airways — Travelling with pets (First Class fallback)', 'airline_official', '2026-06-18') on conflict (id) do nothing;
insert into public.airline_rules (id, airline_id, cabin, aircraft_type, max_length_cm, max_width_cm, max_height_cm, max_combined_weight_kg, soft_sided_requirement, aircraft_varies, notes, source_url, source_label, source_type, last_verified_at) values ('allegiant-premium-economy', 'allegiant', 'premium_economy', null, 48.3, 40.6, 22.9, null, 'recommended', false, 'Soft-sided carrier recommended. Max 19x16x9 in (48x41x23 cm). Combined pet + carrier max 20 lb (9 kg) per carrier (up to 2 carriers per booking). In-cabin only — no cargo hold pets. Domestic US (contiguous 48 states) and Puerto Rico only. Up to 2 pets per carrier, 2 carriers per booking. Unverified cabin-specific fallback: no separate premium economy in-cabin carrier rule found; copied from Economy as a conservative stand-in.', 'https://www.allegiantair.com/traveling-with-pets', 'Allegiant Air — Traveling with Pets (Premium Economy fallback)', 'airline_official', '2026-06-18') on conflict (id) do nothing;
insert into public.airline_rules (id, airline_id, cabin, aircraft_type, max_length_cm, max_width_cm, max_height_cm, max_combined_weight_kg, soft_sided_requirement, aircraft_varies, notes, source_url, source_label, source_type, last_verified_at) values ('allegiant-business', 'allegiant', 'business', null, 48.3, 40.6, 22.9, null, 'recommended', false, 'Soft-sided carrier recommended. Max 19x16x9 in (48x41x23 cm). Combined pet + carrier max 20 lb (9 kg) per carrier (up to 2 carriers per booking). In-cabin only — no cargo hold pets. Domestic US (contiguous 48 states) and Puerto Rico only. Up to 2 pets per carrier, 2 carriers per booking. Unverified cabin-specific fallback: no separate business in-cabin carrier rule found; copied from Economy as a conservative stand-in.', 'https://www.allegiantair.com/traveling-with-pets', 'Allegiant Air — Traveling with Pets (Business fallback)', 'airline_official', '2026-06-18') on conflict (id) do nothing;
insert into public.airline_rules (id, airline_id, cabin, aircraft_type, max_length_cm, max_width_cm, max_height_cm, max_combined_weight_kg, soft_sided_requirement, aircraft_varies, notes, source_url, source_label, source_type, last_verified_at) values ('allegiant-first', 'allegiant', 'first', null, 48.3, 40.6, 22.9, null, 'recommended', false, 'Soft-sided carrier recommended. Max 19x16x9 in (48x41x23 cm). Combined pet + carrier max 20 lb (9 kg) per carrier (up to 2 carriers per booking). In-cabin only — no cargo hold pets. Domestic US (contiguous 48 states) and Puerto Rico only. Up to 2 pets per carrier, 2 carriers per booking. Unverified cabin-specific fallback: no separate first class in-cabin carrier rule found; copied from Economy as a conservative stand-in.', 'https://www.allegiantair.com/traveling-with-pets', 'Allegiant Air — Traveling with Pets (First Class fallback)', 'airline_official', '2026-06-18') on conflict (id) do nothing;
insert into public.airline_rules (id, airline_id, cabin, aircraft_type, max_length_cm, max_width_cm, max_height_cm, max_combined_weight_kg, soft_sided_requirement, aircraft_varies, notes, source_url, source_label, source_type, last_verified_at) values ('hawaiian-premium-economy', 'hawaiian', 'premium_economy', null, 43.2, 27.9, 24.1, 11.34, 'required', false, 'Soft-sided carrier required in cabin. Max 17x11x9.5 in (43x28x24 cm). Combined pet + carrier max 25 lb (11.3 kg). Allowed on Hawaii-mainland and interisland routes. $35 interisland, $125 mainland-Hawaii. Pets not accepted in cabin on international flights. Unverified cabin-specific fallback: no separate premium economy in-cabin carrier rule found; copied from Economy as a conservative stand-in.', 'https://www.hawaiianairlines.com/content/travel-info/pets', 'Hawaiian Airlines — Traveling with Pets (Premium Economy fallback)', 'airline_official', '2026-06-18') on conflict (id) do nothing;
insert into public.airline_rules (id, airline_id, cabin, aircraft_type, max_length_cm, max_width_cm, max_height_cm, max_combined_weight_kg, soft_sided_requirement, aircraft_varies, notes, source_url, source_label, source_type, last_verified_at) values ('hawaiian-business', 'hawaiian', 'business', null, 43.2, 27.9, 24.1, 11.34, 'required', false, 'Soft-sided carrier required in cabin. Max 17x11x9.5 in (43x28x24 cm). Combined pet + carrier max 25 lb (11.3 kg). Allowed on Hawaii-mainland and interisland routes. $35 interisland, $125 mainland-Hawaii. Pets not accepted in cabin on international flights. Unverified cabin-specific fallback: no separate business in-cabin carrier rule found; copied from Economy as a conservative stand-in.', 'https://www.hawaiianairlines.com/content/travel-info/pets', 'Hawaiian Airlines — Traveling with Pets (Business fallback)', 'airline_official', '2026-06-18') on conflict (id) do nothing;
insert into public.airline_rules (id, airline_id, cabin, aircraft_type, max_length_cm, max_width_cm, max_height_cm, max_combined_weight_kg, soft_sided_requirement, aircraft_varies, notes, source_url, source_label, source_type, last_verified_at) values ('hawaiian-first', 'hawaiian', 'first', null, 43.2, 27.9, 24.1, 11.34, 'required', false, 'Soft-sided carrier required in cabin. Max 17x11x9.5 in (43x28x24 cm). Combined pet + carrier max 25 lb (11.3 kg). Allowed on Hawaii-mainland and interisland routes. $35 interisland, $125 mainland-Hawaii. Pets not accepted in cabin on international flights. Unverified cabin-specific fallback: no separate first class in-cabin carrier rule found; copied from Economy as a conservative stand-in.', 'https://www.hawaiianairlines.com/content/travel-info/pets', 'Hawaiian Airlines — Traveling with Pets (First Class fallback)', 'airline_official', '2026-06-18') on conflict (id) do nothing;
insert into public.airline_rules (id, airline_id, cabin, aircraft_type, max_length_cm, max_width_cm, max_height_cm, max_combined_weight_kg, soft_sided_requirement, aircraft_varies, notes, source_url, source_label, source_type, last_verified_at) values ('emirates-premium-economy', 'emirates', 'premium_economy', null, null, null, null, null, null, false, 'Emirates does NOT allow pets in the cabin (except falcons on select Dubai-Pakistan routes and certified guide dogs/assistance animals). All other pets must travel as manifest cargo via Emirates SkyCargo. This airline is listed so users get an honest answer instead of ''unsupported airline''. Unverified cabin-specific fallback: no separate premium economy in-cabin carrier rule found; copied from Economy as a conservative stand-in.', 'https://www.emirates.com/english/help/faq/449416/can-i-carry-live-animals-on-emirates-flights', 'Emirates — Can I carry live animals on Emirates flights? (Premium Economy fallback)', 'airline_official', '2026-06-18') on conflict (id) do nothing;
insert into public.airline_rules (id, airline_id, cabin, aircraft_type, max_length_cm, max_width_cm, max_height_cm, max_combined_weight_kg, soft_sided_requirement, aircraft_varies, notes, source_url, source_label, source_type, last_verified_at) values ('emirates-business', 'emirates', 'business', null, null, null, null, null, null, false, 'Emirates does NOT allow pets in the cabin (except falcons on select Dubai-Pakistan routes and certified guide dogs/assistance animals). All other pets must travel as manifest cargo via Emirates SkyCargo. This airline is listed so users get an honest answer instead of ''unsupported airline''. Unverified cabin-specific fallback: no separate business in-cabin carrier rule found; copied from Economy as a conservative stand-in.', 'https://www.emirates.com/english/help/faq/449416/can-i-carry-live-animals-on-emirates-flights', 'Emirates — Can I carry live animals on Emirates flights? (Business fallback)', 'airline_official', '2026-06-18') on conflict (id) do nothing;
insert into public.airline_rules (id, airline_id, cabin, aircraft_type, max_length_cm, max_width_cm, max_height_cm, max_combined_weight_kg, soft_sided_requirement, aircraft_varies, notes, source_url, source_label, source_type, last_verified_at) values ('emirates-first', 'emirates', 'first', null, null, null, null, null, null, false, 'Emirates does NOT allow pets in the cabin (except falcons on select Dubai-Pakistan routes and certified guide dogs/assistance animals). All other pets must travel as manifest cargo via Emirates SkyCargo. This airline is listed so users get an honest answer instead of ''unsupported airline''. Unverified cabin-specific fallback: no separate first class in-cabin carrier rule found; copied from Economy as a conservative stand-in.', 'https://www.emirates.com/english/help/faq/449416/can-i-carry-live-animals-on-emirates-flights', 'Emirates — Can I carry live animals on Emirates flights? (First Class fallback)', 'airline_official', '2026-06-18') on conflict (id) do nothing;
insert into public.airline_rules (id, airline_id, cabin, aircraft_type, max_length_cm, max_width_cm, max_height_cm, max_combined_weight_kg, soft_sided_requirement, aircraft_varies, notes, source_url, source_label, source_type, last_verified_at) values ('ryanair-premium-economy', 'ryanair', 'premium_economy', null, null, null, null, null, null, false, 'Ryanair does NOT carry animals on board any flights (except certified guide/assistance dogs on certain routes). Pets cannot travel in the cabin or cargo hold. This airline is listed so users get an honest answer instead of ''unsupported airline''. Unverified cabin-specific fallback: no separate premium economy in-cabin carrier rule found; copied from Economy as a conservative stand-in.', 'https://help.ryanair.com/hc/en-gb/articles/12890968181521-Does-Ryanair-carry-animals', 'Ryanair — Does Ryanair carry animals? (Premium Economy fallback)', 'airline_official', '2026-06-18') on conflict (id) do nothing;
insert into public.airline_rules (id, airline_id, cabin, aircraft_type, max_length_cm, max_width_cm, max_height_cm, max_combined_weight_kg, soft_sided_requirement, aircraft_varies, notes, source_url, source_label, source_type, last_verified_at) values ('ryanair-business', 'ryanair', 'business', null, null, null, null, null, null, false, 'Ryanair does NOT carry animals on board any flights (except certified guide/assistance dogs on certain routes). Pets cannot travel in the cabin or cargo hold. This airline is listed so users get an honest answer instead of ''unsupported airline''. Unverified cabin-specific fallback: no separate business in-cabin carrier rule found; copied from Economy as a conservative stand-in.', 'https://help.ryanair.com/hc/en-gb/articles/12890968181521-Does-Ryanair-carry-animals', 'Ryanair — Does Ryanair carry animals? (Business fallback)', 'airline_official', '2026-06-18') on conflict (id) do nothing;
insert into public.airline_rules (id, airline_id, cabin, aircraft_type, max_length_cm, max_width_cm, max_height_cm, max_combined_weight_kg, soft_sided_requirement, aircraft_varies, notes, source_url, source_label, source_type, last_verified_at) values ('ryanair-first', 'ryanair', 'first', null, null, null, null, null, null, false, 'Ryanair does NOT carry animals on board any flights (except certified guide/assistance dogs on certain routes). Pets cannot travel in the cabin or cargo hold. This airline is listed so users get an honest answer instead of ''unsupported airline''. Unverified cabin-specific fallback: no separate first class in-cabin carrier rule found; copied from Economy as a conservative stand-in.', 'https://help.ryanair.com/hc/en-gb/articles/12890968181521-Does-Ryanair-carry-animals', 'Ryanair — Does Ryanair carry animals? (First Class fallback)', 'airline_official', '2026-06-18') on conflict (id) do nothing;
insert into public.airline_rules (id, airline_id, cabin, aircraft_type, max_length_cm, max_width_cm, max_height_cm, max_combined_weight_kg, soft_sided_requirement, aircraft_varies, notes, source_url, source_label, source_type, last_verified_at) values ('lufthansa-business', 'lufthansa', 'business', null, 55, 40, 23, 8, 'required', true, 'Soft-sided carrier required. Same 55x40x23 cm / 8 kg limits as Economy, but lie-flat seat footwells vary by aircraft.', 'https://www.lufthansa.com/de/en/travelling-with-animals', 'Lufthansa — Travelling with animals (business)', 'airline_official', '2026-05-26') on conflict (id) do nothing;
insert into public.airline_rules (id, airline_id, cabin, aircraft_type, max_length_cm, max_width_cm, max_height_cm, max_combined_weight_kg, soft_sided_requirement, aircraft_varies, notes, source_url, source_label, source_type, last_verified_at) values ('air-canada-premium-economy', 'air-canada', 'premium_economy', null, null, null, null, null, null, false, 'Air Canada states pets in cabin are not permitted in Premium Economy because the seat layout does not allow safe stowage of a pet carrier.', 'https://www.aircanada.com/ca/en/aco/home/plan/special-assistance/pets.html', 'Air Canada — Travelling with pets (Premium Economy no cabin pets)', 'airline_official', '2026-05-26') on conflict (id) do nothing;
insert into public.airline_rules (id, airline_id, cabin, aircraft_type, max_length_cm, max_width_cm, max_height_cm, max_combined_weight_kg, soft_sided_requirement, aircraft_varies, notes, source_url, source_label, source_type, last_verified_at) values ('air-canada-business', 'air-canada', 'business', null, 55, 40, 27, 10, 'required', true, 'Same general soft-sided cabin rule as Economy, but Air Canada publishes aircraft-specific Business Class exceptions for A330/777/787 widebody aircraft. Provide aircraft or flight details for the most precise check.', 'https://www.aircanada.com/ca/en/aco/home/plan/special-assistance/pets.html', 'Air Canada — Travelling with pets (Business fallback)', 'airline_official', '2026-05-26') on conflict (id) do nothing;
insert into public.airline_rules (id, airline_id, cabin, aircraft_type, max_length_cm, max_width_cm, max_height_cm, max_combined_weight_kg, soft_sided_requirement, aircraft_varies, notes, source_url, source_label, source_type, last_verified_at) values ('delta-premium-economy', 'delta', 'premium_economy', null, null, null, null, null, null, false, 'Delta Premium (Domestic and International) allows 0 in-cabin pets and does not permit pets in cabin at any time.', 'https://www.delta.com/us/en/pet-travel/overview', 'Delta — Pet travel overview (Premium Economy no cabin pets)', 'airline_official', '2026-05-26') on conflict (id) do nothing;
insert into public.airline_rules (id, airline_id, cabin, aircraft_type, max_length_cm, max_width_cm, max_height_cm, max_combined_weight_kg, soft_sided_requirement, aircraft_varies, notes, source_url, source_label, source_type, last_verified_at) values ('delta-business', 'delta', 'business', null, null, null, null, null, null, false, 'Delta One and Business Class (International) allow 0 in-cabin pets and do not permit pets in cabin at any time.', 'https://www.delta.com/us/en/pet-travel/overview', 'Delta — Pet travel overview (Business no cabin pets)', 'airline_official', '2026-05-26') on conflict (id) do nothing;
insert into public.airline_rules (id, airline_id, cabin, aircraft_type, max_length_cm, max_width_cm, max_height_cm, max_combined_weight_kg, soft_sided_requirement, aircraft_varies, notes, source_url, source_label, source_type, last_verified_at) values ('delta-first', 'delta', 'first', null, null, null, null, null, 'recommended', true, 'Delta First (Domestic) permits cabin pets, but not in cabins with flat-bed seats. No separate First Class dimensions were found; use Delta''s under-seat/aircraft guidance.', 'https://www.delta.com/us/en/pet-travel/overview', 'Delta — Pet travel overview (First fallback)', 'airline_official', '2026-05-26') on conflict (id) do nothing;
insert into public.airline_rules (id, airline_id, cabin, aircraft_type, max_length_cm, max_width_cm, max_height_cm, max_combined_weight_kg, soft_sided_requirement, aircraft_varies, notes, source_url, source_label, source_type, last_verified_at) values ('american-premium-economy', 'american', 'premium_economy', null, 48.3, 33, 22.9, null, 'recommended', true, 'Premium cabin under-seat space varies by aircraft. American notes that some premium cabins/aircraft have no under-seat storage, so confirm aircraft-specific stowage before relying on this rule.', 'https://www.aa.com/i18n/travel-info/special-assistance/pets.jsp', 'American Airlines — Carry-on pet carrier guidelines (Premium Economy fallback)', 'airline_official', '2026-05-26') on conflict (id) do nothing;
insert into public.airline_rules (id, airline_id, cabin, aircraft_type, max_length_cm, max_width_cm, max_height_cm, max_combined_weight_kg, soft_sided_requirement, aircraft_varies, notes, source_url, source_label, source_type, last_verified_at) values ('american-business', 'american', 'business', null, 48.3, 33, 22.9, null, 'recommended', true, 'Business cabin under-seat space varies by aircraft. American notes that some premium cabins/aircraft have no under-seat storage, so confirm aircraft-specific stowage before relying on this rule.', 'https://www.aa.com/i18n/travel-info/special-assistance/pets.jsp', 'American Airlines — Carry-on pet carrier guidelines (Business fallback)', 'airline_official', '2026-05-26') on conflict (id) do nothing;
insert into public.airline_rules (id, airline_id, cabin, aircraft_type, max_length_cm, max_width_cm, max_height_cm, max_combined_weight_kg, soft_sided_requirement, aircraft_varies, notes, source_url, source_label, source_type, last_verified_at) values ('american-first', 'american', 'first', null, 48.3, 33, 22.9, null, 'recommended', true, 'First cabin under-seat space varies by aircraft. American notes that some premium cabins/aircraft have no under-seat storage, so confirm aircraft-specific stowage before relying on this rule.', 'https://www.aa.com/i18n/travel-info/special-assistance/pets.jsp', 'American Airlines — Carry-on pet carrier guidelines (First fallback)', 'airline_official', '2026-05-26') on conflict (id) do nothing;
insert into public.airline_rules (id, airline_id, cabin, aircraft_type, max_length_cm, max_width_cm, max_height_cm, max_combined_weight_kg, soft_sided_requirement, aircraft_varies, notes, source_url, source_label, source_type, last_verified_at) values ('lufthansa-premium-economy', 'lufthansa', 'premium_economy', null, 55, 40, 23, 8, 'required', false, 'Premium Economy follows the same 55x40x23 cm / 8 kg cabin-pet limits where Lufthansa accepts pets in cabin; availability varies by route and aircraft.', 'https://www.lufthansa.com/de/en/travelling-with-animals', 'Lufthansa — Travelling with animals (Premium Economy fallback)', 'airline_official', '2026-05-26') on conflict (id) do nothing;
insert into public.airline_rules (id, airline_id, cabin, aircraft_type, max_length_cm, max_width_cm, max_height_cm, max_combined_weight_kg, soft_sided_requirement, aircraft_varies, notes, source_url, source_label, source_type, last_verified_at) values ('lufthansa-first', 'lufthansa', 'first', null, null, null, null, null, null, false, 'No separate First Class in-cabin pet allowance found in the current Lufthansa policy; do not assume cabin pets are accepted in First.', 'https://www.lufthansa.com/de/en/travelling-with-animals', 'Lufthansa — Travelling with animals (First no separate allowance)', 'airline_official', '2026-05-26') on conflict (id) do nothing;
insert into public.airline_rules (id, airline_id, cabin, aircraft_type, max_length_cm, max_width_cm, max_height_cm, max_combined_weight_kg, soft_sided_requirement, aircraft_varies, notes, source_url, source_label, source_type, last_verified_at) values ('klm-premium-economy', 'klm', 'premium_economy', null, null, null, null, null, null, false, 'KLM does not allow pets in the cabin when travelling in Premium Comfort Class.', 'https://www.klm.com/information/pets/reservation', 'KLM — Reservation for pets (Premium Comfort no cabin pets)', 'airline_official', '2026-06-18') on conflict (id) do nothing;
insert into public.airline_rules (id, airline_id, cabin, aircraft_type, max_length_cm, max_width_cm, max_height_cm, max_combined_weight_kg, soft_sided_requirement, aircraft_varies, notes, source_url, source_label, source_type, last_verified_at) values ('klm-business', 'klm', 'business', null, 46, 28, 24, 8, null, false, 'KLM allows pets in cabin in Business Class within Europe only; Premium Comfort and intercontinental Business do not allow cabin pets.', 'https://www.klm.com/information/pets/reservation', 'KLM — Reservation for pets (Business within Europe)', 'airline_official', '2026-06-18') on conflict (id) do nothing;
insert into public.airline_rules (id, airline_id, cabin, aircraft_type, max_length_cm, max_width_cm, max_height_cm, max_combined_weight_kg, soft_sided_requirement, aircraft_varies, notes, source_url, source_label, source_type, last_verified_at) values ('klm-first', 'klm', 'first', null, null, null, null, null, null, false, 'No separate First Class in-cabin pet allowance found in the current KLM policy; do not assume cabin pets are accepted in First.', 'https://www.klm.com/information/pets/reservation', 'KLM — Reservation for pets (First no separate allowance)', 'airline_official', '2026-06-18') on conflict (id) do nothing;
insert into public.airline_rules (id, airline_id, cabin, aircraft_type, max_length_cm, max_width_cm, max_height_cm, max_combined_weight_kg, soft_sided_requirement, aircraft_varies, notes, source_url, source_label, source_type, last_verified_at) values ('air-france-first', 'air-france', 'first', null, null, null, null, null, null, false, 'No separate First Class/La Première in-cabin pet allowance found in the current Air France policy; do not assume cabin pets are accepted in First.', 'https://wwws.airfrance.fr/en/information/passagers/voyager-avec-son-animal-chien-chat', 'Air France — Traveling with pets (First no separate allowance)', 'airline_official', '2026-06-18') on conflict (id) do nothing;

-- product_codes
insert into public.product_codes (code, carrier_id) values ('FPP-SHP-OD-M', 'sherpa-original-md') on conflict (code) do nothing;
insert into public.product_codes (code, carrier_id) values ('FPP-SLP-AIR', 'sleepypod-air') on conflict (code) do nothing;
insert into public.product_codes (code, carrier_id) values ('FPP-STB-LG', 'sturdibag-large') on conflict (code) do nothing;
insert into public.product_codes (code, carrier_id) values ('FPP-AWY-PC', 'away-pet-carrier') on conflict (code) do nothing;
insert into public.product_codes (code, carrier_id) values ('FPP-DGS-PSG', 'diggs-passenger') on conflict (code) do nothing;
insert into public.product_codes (code, carrier_id) values ('FPP-PTM-SK100', 'petmate-sky-100') on conflict (code) do nothing;

-- affiliate_targets
insert into public.affiliate_targets (carrier_id, network, url) values ('sherpa-original-md', 'amazon', 'https://www.amazon.ca/dp/B000FLETX8') on conflict (carrier_id, network) do nothing;
insert into public.affiliate_targets (carrier_id, network, url) values ('sherpa-original-md', 'chewy', 'https://www.chewy.com/s?query=Sherpa%20Original%20Deluxe%20(Medium)') on conflict (carrier_id, network) do nothing;
insert into public.affiliate_targets (carrier_id, network, url) values ('sherpa-original-lg', 'amazon', 'https://www.amazon.ca/dp/B000FLETX8') on conflict (carrier_id, network) do nothing;
insert into public.affiliate_targets (carrier_id, network, url) values ('sherpa-original-lg', 'chewy', 'https://www.chewy.com/s?query=Sherpa%20Original%20Deluxe%20(Large)') on conflict (carrier_id, network) do nothing;
insert into public.affiliate_targets (carrier_id, network, url) values ('sleepypod-air', 'amazon', 'https://www.amazon.ca/dp/B0030NJXQQ') on conflict (carrier_id, network) do nothing;
insert into public.affiliate_targets (carrier_id, network, url) values ('sleepypod-air', 'chewy', 'https://www.chewy.com/s?query=Sleepypod%20Air%20In-Cabin') on conflict (carrier_id, network) do nothing;
insert into public.affiliate_targets (carrier_id, network, url) values ('sturdibag-large', 'amazon', 'https://www.amazon.ca/dp/B07TQH99JC') on conflict (carrier_id, network) do nothing;
insert into public.affiliate_targets (carrier_id, network, url) values ('sturdibag-large', 'chewy', 'https://www.chewy.com/s?query=SturdiBag%20Large%20Flexible-Height') on conflict (carrier_id, network) do nothing;
insert into public.affiliate_targets (carrier_id, network, url) values ('sturdibag-small', 'amazon', 'https://www.amazon.ca/dp/B07TQH99JC') on conflict (carrier_id, network) do nothing;
insert into public.affiliate_targets (carrier_id, network, url) values ('sturdibag-small', 'chewy', 'https://www.chewy.com/s?query=SturdiBag%20Small%20Flexible-Height') on conflict (carrier_id, network) do nothing;
insert into public.affiliate_targets (carrier_id, network, url) values ('petmate-two-door', 'amazon', 'https://www.amazon.ca/dp/B0062JFGM0') on conflict (carrier_id, network) do nothing;
insert into public.affiliate_targets (carrier_id, network, url) values ('petmate-two-door', 'chewy', 'https://www.chewy.com/s?query=Petmate%20Two%20Door%20Top%20Load') on conflict (carrier_id, network) do nothing;
insert into public.affiliate_targets (carrier_id, network, url) values ('amazonbasics-soft-sm', 'amazon', 'https://www.amazon.ca/dp/B00QHC01C2') on conflict (carrier_id, network) do nothing;
insert into public.affiliate_targets (carrier_id, network, url) values ('amazonbasics-soft-sm', 'chewy', 'https://www.chewy.com/s?query=Amazon%20Basics%20Soft-Sided%20(Small)') on conflict (carrier_id, network) do nothing;
insert into public.affiliate_targets (carrier_id, network, url) values ('amazonbasics-soft-md', 'amazon', 'https://www.amazon.ca/dp/B00QHC0050') on conflict (carrier_id, network) do nothing;
insert into public.affiliate_targets (carrier_id, network, url) values ('amazonbasics-soft-md', 'chewy', 'https://www.chewy.com/s?query=Amazon%20Basics%20Soft-Sided%20(Medium)') on conflict (carrier_id, network) do nothing;
insert into public.affiliate_targets (carrier_id, network, url) values ('kh-lookout', 'amazon', 'https://www.amazon.ca/dp/B07GD26XK3') on conflict (carrier_id, network) do nothing;
insert into public.affiliate_targets (carrier_id, network, url) values ('kh-lookout', 'chewy', 'https://www.chewy.com/s?query=K%26H%20Lookout%20Pet%20Carrier') on conflict (carrier_id, network) do nothing;
insert into public.affiliate_targets (carrier_id, network, url) values ('away-pet-carrier', 'amazon', 'https://www.amazon.ca/s?k=Away%20The%20Pet%20Carrier%20pet%20carrier') on conflict (carrier_id, network) do nothing;
insert into public.affiliate_targets (carrier_id, network, url) values ('away-pet-carrier', 'chewy', 'https://www.chewy.com/s?query=Away%20The%20Pet%20Carrier') on conflict (carrier_id, network) do nothing;
insert into public.affiliate_targets (carrier_id, network, url) values ('diggs-passenger', 'amazon', 'https://www.amazon.ca/dp/B09Y8354NB') on conflict (carrier_id, network) do nothing;
insert into public.affiliate_targets (carrier_id, network, url) values ('diggs-passenger', 'chewy', 'https://www.chewy.com/s?query=Diggs%20Passenger%20Travel%20Carrier') on conflict (carrier_id, network) do nothing;
insert into public.affiliate_targets (carrier_id, network, url) values ('mr-peanuts-aspen', 'amazon', 'https://www.amazon.ca/dp/B07TQH99JC') on conflict (carrier_id, network) do nothing;
insert into public.affiliate_targets (carrier_id, network, url) values ('mr-peanuts-aspen', 'chewy', 'https://www.chewy.com/s?query=Mr.%20Peanut''s%20Aspen%20Series') on conflict (carrier_id, network) do nothing;
insert into public.affiliate_targets (carrier_id, network, url) values ('petsfit-expandable', 'amazon', 'https://www.amazon.ca/dp/B01KXB7DVO') on conflict (carrier_id, network) do nothing;
insert into public.affiliate_targets (carrier_id, network, url) values ('petsfit-expandable', 'chewy', 'https://www.chewy.com/s?query=Petsfit%20Expandable%20Carrier') on conflict (carrier_id, network) do nothing;
insert into public.affiliate_targets (carrier_id, network, url) values ('henkelion-small', 'amazon', 'https://www.amazon.ca/dp/B07JZ31KX9') on conflict (carrier_id, network) do nothing;
insert into public.affiliate_targets (carrier_id, network, url) values ('henkelion-small', 'chewy', 'https://www.chewy.com/s?query=Henkelion%20Soft-Sided%20(Small)') on conflict (carrier_id, network) do nothing;
insert into public.affiliate_targets (carrier_id, network, url) values ('pawaboo-backpack', 'amazon', 'https://www.amazon.ca/dp/B01NAK4VXM') on conflict (carrier_id, network) do nothing;
insert into public.affiliate_targets (carrier_id, network, url) values ('pawaboo-backpack', 'chewy', 'https://www.chewy.com/s?query=Pawaboo%20Pet%20Travel%20Backpack') on conflict (carrier_id, network) do nothing;
insert into public.affiliate_targets (carrier_id, network, url) values ('texsens-bubble', 'amazon', 'https://www.amazon.ca/dp/B07KHPLFMS') on conflict (carrier_id, network) do nothing;
insert into public.affiliate_targets (carrier_id, network, url) values ('texsens-bubble', 'chewy', 'https://www.chewy.com/s?query=Texsens%20Bubble%20Backpack') on conflict (carrier_id, network) do nothing;
insert into public.affiliate_targets (carrier_id, network, url) values ('petsfit-sturdy', 'amazon', 'https://www.amazon.ca/s?k=Petsfit%20Sturdy%20Hard%20Carrier%20pet%20carrier') on conflict (carrier_id, network) do nothing;
insert into public.affiliate_targets (carrier_id, network, url) values ('petsfit-sturdy', 'chewy', 'https://www.chewy.com/s?query=Petsfit%20Sturdy%20Hard%20Carrier') on conflict (carrier_id, network) do nothing;
insert into public.affiliate_targets (carrier_id, network, url) values ('elitefield-3door-lg', 'amazon', 'https://www.amazon.ca/dp/B004ABH1LG') on conflict (carrier_id, network) do nothing;
insert into public.affiliate_targets (carrier_id, network, url) values ('elitefield-3door-lg', 'chewy', 'https://www.chewy.com/s?query=EliteField%203-Door%20Soft%20(Large)') on conflict (carrier_id, network) do nothing;
insert into public.affiliate_targets (carrier_id, network, url) values ('frisco-soft', 'amazon', 'https://www.amazon.ca/dp/B00XHFTIU8') on conflict (carrier_id, network) do nothing;
insert into public.affiliate_targets (carrier_id, network, url) values ('frisco-soft', 'chewy', 'https://www.chewy.com/s?query=Frisco%20Soft-Sided%20Carrier') on conflict (carrier_id, network) do nothing;
insert into public.affiliate_targets (carrier_id, network, url) values ('vceoa-small', 'amazon', 'https://www.amazon.ca/dp/B07ZPPSR2L') on conflict (carrier_id, network) do nothing;
insert into public.affiliate_targets (carrier_id, network, url) values ('vceoa-small', 'chewy', 'https://www.chewy.com/s?query=Vceoa%20Soft%20Carrier%20(Small)') on conflict (carrier_id, network) do nothing;
insert into public.affiliate_targets (carrier_id, network, url) values ('petmate-sky-100', 'amazon', 'https://www.amazon.ca/dp/B000HHL0MQ') on conflict (carrier_id, network) do nothing;
insert into public.affiliate_targets (carrier_id, network, url) values ('petmate-sky-100', 'chewy', 'https://www.chewy.com/s?query=Petmate%20Sky%20Kennel%20100') on conflict (carrier_id, network) do nothing;
insert into public.affiliate_targets (carrier_id, network, url) values ('morpilot-expandable', 'amazon', 'https://www.amazon.ca/dp/B0G24Z559P') on conflict (carrier_id, network) do nothing;
insert into public.affiliate_targets (carrier_id, network, url) values ('morpilot-expandable', 'chewy', 'https://www.chewy.com/s?query=Morpilot%20Expandable%20Carrier') on conflict (carrier_id, network) do nothing;
insert into public.affiliate_targets (carrier_id, network, url) values ('roverlund-carrier', 'amazon', 'https://www.amazon.ca/dp/B081Y8L1VL') on conflict (carrier_id, network) do nothing;
insert into public.affiliate_targets (carrier_id, network, url) values ('roverlund-carrier', 'chewy', 'https://www.chewy.com/s?query=Roverlund%20Pet%20Carrier') on conflict (carrier_id, network) do nothing;
insert into public.affiliate_targets (carrier_id, network, url) values ('katziela-rolling', 'amazon', 'https://www.amazon.ca/dp/B0CXWFNP19') on conflict (carrier_id, network) do nothing;
insert into public.affiliate_targets (carrier_id, network, url) values ('katziela-rolling', 'chewy', 'https://www.chewy.com/s?query=Katziela%20Rolling%20Rover') on conflict (carrier_id, network) do nothing;
insert into public.affiliate_targets (carrier_id, network, url) values ('mr-peanuts-gold', 'amazon', 'https://www.amazon.ca/dp/B09K4GKHJ1') on conflict (carrier_id, network) do nothing;
insert into public.affiliate_targets (carrier_id, network, url) values ('mr-peanuts-gold', 'chewy', 'https://www.chewy.com/s?query=Mr.%20Peanut''s%20Gold%20Series%20Expandable') on conflict (carrier_id, network) do nothing;
insert into public.affiliate_targets (carrier_id, network, url) values ('petfusion-carrier', 'amazon', 'https://www.amazon.ca/dp/B07P6KYZWJ') on conflict (carrier_id, network) do nothing;
insert into public.affiliate_targets (carrier_id, network, url) values ('petfusion-carrier', 'chewy', 'https://www.chewy.com/s?query=PetFusion%20Pet%20Carrier') on conflict (carrier_id, network) do nothing;
insert into public.affiliate_targets (carrier_id, network, url) values ('sleepypod-atom', 'amazon', 'https://www.amazon.ca/dp/B08J82QZ3M') on conflict (carrier_id, network) do nothing;
insert into public.affiliate_targets (carrier_id, network, url) values ('sleepypod-atom', 'chewy', 'https://www.chewy.com/s?query=Sleepypod%20Atom%20In-Cabin') on conflict (carrier_id, network) do nothing;
insert into public.affiliate_targets (carrier_id, network, url) values ('elitefield-3door-sm', 'amazon', 'https://www.amazon.ca/s?k=EliteField%203-Door%20Soft%20(Small)%20pet%20carrier') on conflict (carrier_id, network) do nothing;
insert into public.affiliate_targets (carrier_id, network, url) values ('elitefield-3door-sm', 'chewy', 'https://www.chewy.com/s?query=EliteField%203-Door%20Soft%20(Small)') on conflict (carrier_id, network) do nothing;
insert into public.affiliate_targets (carrier_id, network, url) values ('bergan-comfort-lg', 'amazon', 'https://www.amazon.ca/dp/B002SE9DRG') on conflict (carrier_id, network) do nothing;
insert into public.affiliate_targets (carrier_id, network, url) values ('bergan-comfort-lg', 'chewy', 'https://www.chewy.com/s?query=Bergan%20Comfort%20Carrier%20(Large)') on conflict (carrier_id, network) do nothing;
insert into public.affiliate_targets (carrier_id, network, url) values ('petami-classic-sm', 'amazon', 'https://www.amazon.ca/dp/B074W36PLR') on conflict (carrier_id, network) do nothing;
insert into public.affiliate_targets (carrier_id, network, url) values ('petami-classic-sm', 'chewy', 'https://www.chewy.com/s?query=PetAmi%20Classic%20Carrier%20(Small)') on conflict (carrier_id, network) do nothing;
insert into public.affiliate_targets (carrier_id, network, url) values ('gorilla-grip-sm', 'amazon', 'https://www.amazon.ca/dp/B0CWPKHMH7') on conflict (carrier_id, network) do nothing;
insert into public.affiliate_targets (carrier_id, network, url) values ('gorilla-grip-sm', 'chewy', 'https://www.chewy.com/s?query=Gorilla%20Grip%20TSA%20Carrier%20(Small)') on conflict (carrier_id, network) do nothing;
insert into public.affiliate_targets (carrier_id, network, url) values ('xzone-expandable-sm', 'amazon', 'https://www.amazon.ca/s?k=X-Zone%20Expandable%20Carrier%20(Small)%20pet%20carrier') on conflict (carrier_id, network) do nothing;
insert into public.affiliate_targets (carrier_id, network, url) values ('xzone-expandable-sm', 'chewy', 'https://www.chewy.com/s?query=X-Zone%20Expandable%20Carrier%20(Small)') on conflict (carrier_id, network) do nothing;
insert into public.affiliate_targets (carrier_id, network, url) values ('prodigen-soft-sm', 'amazon', 'https://www.amazon.ca/s?k=Prodigen%20Soft%20Carrier%20(Small)%20pet%20carrier') on conflict (carrier_id, network) do nothing;
insert into public.affiliate_targets (carrier_id, network, url) values ('prodigen-soft-sm', 'chewy', 'https://www.chewy.com/s?query=Prodigen%20Soft%20Carrier%20(Small)') on conflict (carrier_id, network) do nothing;

-- merchants
insert into public.merchants (id, name, slug, website_url) values ('petgearco', 'PetGear Co.', 'petgearco', 'https://example.com/petgearco') on conflict (id) do nothing;
insert into public.merchants (id, name, slug, website_url) values ('traveltails', 'Travel Tails', 'traveltails', 'https://example.com/traveltails') on conflict (id) do nothing;

-- merchant_products
insert into public.merchant_products (id, merchant_id, carrier_id, external_product_id, product_url) values ('mp-1', 'petgearco', 'sherpa-original-md', 'PG-1001', 'https://example.com/petgearco/products/PG-1001') on conflict (id) do nothing;
insert into public.merchant_products (id, merchant_id, carrier_id, external_product_id, product_url) values ('mp-2', 'petgearco', 'sturdibag-large', 'PG-1002', 'https://example.com/petgearco/products/PG-1002') on conflict (id) do nothing;
insert into public.merchant_products (id, merchant_id, carrier_id, external_product_id, product_url) values ('mp-3', 'traveltails', 'away-pet-carrier', 'TT-555', 'https://example.com/traveltails/products/TT-555') on conflict (id) do nothing;
insert into public.merchant_products (id, merchant_id, carrier_id, external_product_id, product_url) values ('mp-4', 'traveltails', 'diggs-passenger', 'TT-556', 'https://example.com/traveltails/products/TT-556') on conflict (id) do nothing;

commit;
